sku,category,name,unit,unit_price_ex_gst,currency,source_files,source_pages,status,review_reason
A-522-1,Chairs,A-522-1 black frameblack mesh High-quality mesh fabric + high-density foam + PP + metal 66*66*36 1piece per carton 16KG,ea,651.26,AUD,chairs.pdf,28,OK,
A-548,Chairs,A-548 all meshblack frameblack mesh High-quality mesh fabric + high-density foam + PP + metal 66*66*36 1piece per carton,ea,771.5,AUD,chairs.pdf,28,OK,
A-561,Chairs,A-561 black frameblack mesh High-quality mesh fabric + high-density foam + PP + metal 70*50*65 1piece per carton 19.7KG,ea,1634.19,AUD,chairs.pdf,28,OK,
A-562,Chairs,A-562 black frameblack mesh High-quality mesh fabric + high-density foam + PP + metal 70*50*65 1piece per carton 17.7KG,ea,1122.18,AUD,chairs.pdf,28,OK,
A-567,Chairs,A-567 black frameblack mesh High-quality mesh fabric + high-density foam + PP + metal 66*66*36 1piece per carton 22KG,ea,1428.88,AUD,chairs.pdf,28,OK,
A04,Chairs,A04 PU leather High-quality PU leather + high-density sponge+ wooden frame + metal legs 85*60*62 1 piece per carton 21.5kg,ea,1010.94,AUD,chairs.pdf,14,OK,
A047,Chairs,A047 PU leather High-quality PU leather + high-density sponge+ Wooden Inner Frame + metal legs black 86*32*65 1 piece per carton 0.18m³/piece 16kg,ea,651.26,AUD,chairs.pdf,10,OK,
A10,Chairs,A10 black frame High-quality mesh fabric + high-density foam + PP + metal 74*55*63 2piece per carton,ea,521.01,AUD,chairs.pdf,25,OK,
A1905,Chairs,A1905 PU leather High-quality PU leather + high-density sponge+ Wooden Inner Frame + metal legs black grey coffee 92*65*26 1 piece per carton 0.16m³/piece 21kg,ea,651.26,AUD,chairs.pdf,10,OK,
A1910,Chairs,A1910 PU leather High-quality PU leather + high-density sponge+ Wooden Inner Frame + metal legs black grey Earthy yellow 123*65*65 2 pieces per carton 0.26m³/piece 23.5kg,ea,751.46,AUD,chairs.pdf,9,OK,
A1911,Chairs,A1911 PU leather metal leg High-quality PU leather + high-density sponge+Doll Sponge+ Wooden Inner Frame + metal legs coffee+Off- white coffee+ grey 95*76*40 1 piece per carton 0.29m³1piece 26kg,ea,1220.33,AUD,chairs.pdf,8,OK,
A1916,Chairs,A1916 PU leather High-quality PU leather + high-density sponge+ Wooden Inner Frame + metal legs beige orange grey 108*59*69 L-shaped cardboard box/1 piece per carton 2-piece combined carton box specifications are 108*80*,ea,851.65,AUD,chairs.pdf,7,OK,
A1919,Chairs,A1919 PU leather High-quality PU leather + high-density sponge+ Wooden Inner Frame + metal legs black grey coffee 97*75*36 1 piece per carton 0.27m³ 25.5kg,ea,1010.94,AUD,chairs.pdf,8,OK,
A192,Chairs,A192 PU leather High-quality PU leather + high-density sponge+ Wooden Inner Frame + metal legs black grey coffee 106*66*74 L-shaped cardboard box/1 piece per carton 2-piece combined carton box specifications are 106*90*7,ea,751.46,AUD,chairs.pdf,8,OK,
A1920,Chairs,A1920 PU leather High-quality PU leather + high-density sponge+Doll Sponge+ Wooden Inner Frame + metal legs black grey 96*85*57 2 pieces per carton 0.24m³/piece 25kg,ea,801.55,AUD,chairs.pdf,7,OK,
A1925,Chairs,A1925 PU leather High-quality PU leather + high-density sponge+Doll Sponge+ Wooden Inner Frame + metal legs black grey coffee 96*81*57 2 pieces per carton 0.23m³/piece 21kg,ea,801.55,AUD,chairs.pdf,8,OK,
A1926,Chairs,A1926 PU leather High-quality PU leather + high-density sponge+Doll Sponge+ Wooden Inner Frame + metal legs coffee+Off- white coffee+ grey 98*75*42 1 piece per carton 0.31m³/piece 26kg,ea,1520.92,AUD,chairs.pdf,7,OK,
A193,Chairs,A193 PU leather High-quality PU leather + high-density sponge+ Wooden Inner Frame + metal legs black grey coffee Earthy yellow 92*75*37 1 piece per carton 0.26m³/piece 25kg,ea,1025.04,AUD,chairs.pdf,10,OK,
A203,Chairs,A203 PU leather High-quality PU leather + high-density sponge+ Wooden Inner Frame + metal legs black grey coffee 106*77*77 L-shaped cardboard box/1 piece per carton 2-piece combined carton box specifications are 106*112*,ea,1010.94,AUD,chairs.pdf,10,OK,
A21,Chairs,A21 black frame With Seat Shell High-quality mesh fabric + high-density foam + PP + metal 73*41*62 1piece per carton,ea,771.5,AUD,chairs.pdf,25,OK,
A210,Chairs,A210 PU leather High-quality PU leather + high-density sponge+ Wooden Inner Frame + metal legs orange+Off- white coffee+ grey 91*66*38 1 piece per carton 0.23m³/piece 23kg,ea,1220.33,AUD,chairs.pdf,6,OK,
A215,Chairs,A215 PU leather High-quality PU leather + high-density sponge+ Wooden Inner Frame + metal legs coffee+Eart hy yellow coffee+ grey 90*31*65 1 piece per carton 0.19m³/piece 22kg,ea,1325.62,AUD,chairs.pdf,10,OK,
A218,Chairs,A218 PU leather High-quality PU leather + high-density sponge+ Wooden Inner Frame + metal legs grey grey+coffee light grey+coffee 95*33*65 1 piece per carton 0.2m³/piece 21kg,ea,1010.94,AUD,chairs.pdf,7,OK,
A219,Chairs,A219 PU leather High-quality PU leather + shaping sponge+ Wooden Inner Frame + metal legs coffee+Eart hy yellow coffee+Off- white 95*33*65 1 piece per carton 0.2m³/piece 21kg,ea,1010.94,AUD,chairs.pdf,6,OK,
A2201,Chairs,A2201 PU leather High-quality PU leather + high-density sponge+Doll Sponge+ Wooden Inner Frame + metal legs black 91*66*38 1 piece per carton 0.23m³/piece 24kg,ea,951.85,AUD,chairs.pdf,4,OK,
A2203,Chairs,A2203 PU leather High-quality PU leather + high-density sponge+ Wooden Inner Frame + metal legs black grey 92*65*28 1 piece per carton 0.17m³/piece 21kg,ea,751.46,AUD,chairs.pdf,5,OK,
A2205,Chairs,A2205 PU leather High-quality PU leather + high-density sponge+ Wooden Inner Frame + metal legs black grey 92*65*28 1 piece per carton 0.17m³/piece 20kg,ea,751.46,AUD,chairs.pdf,5,OK,
A2206,Chairs,A2206 PU leather High-quality PU leather + high-density sponge+Doll Sponge+ Wooden Inner Frame + metal legs black grey 88*49*72 1 piece per carton 0.31m³/piece 28kg,ea,951.85,AUD,chairs.pdf,4,OK,
A2207,Chairs,A2207 PU leather High-quality PU leather + high-density sponge+Doll Sponge+ Wooden Inner Frame + metal legs light grey 105*75*74 L-shaped cardboard box/1 piece per carton 2pieceputcartonsize are 105*107*74 0.42m³/piece 2,ea,1120.14,AUD,chairs.pdf,4,OK,
A2209,Chairs,A2209 PU leather High-quality PU leather + high-density sponge+ Wooden Inner Frame + metal legs grey+beige 98*75*42 1 piece per carton 0.31m³/piece 30kg,ea,1220.33,AUD,chairs.pdf,4,OK,
A2211,Chairs,A2211 genuine leather High-quality genuine leather+ PU leather + high-density sponge+Doll Sponge+ Wooden Inner Frame + metal legs grey black 112*75*81 1 piece per carton 37kg,ea,1630.11,AUD,chairs.pdf,4,OK,
A2212,Chairs,A2212 PU leather High-quality PU leather + high-density sponge+ Wooden Inner Frame + metal legs Off- white+Beige 全 grey 98*75*42 1 piece per carton 0.31m³/piece 30kg,ea,1220.33,AUD,chairs.pdf,5,OK,
A2215,Chairs,A2215 PU leather High-quality PU leather + high-density sponge+ Wooden Inner Frame + metal legs Off- white+light grey 106*66*74 L-shaped cardboard box/1 piece per carton 2-piece combined carton box specifications are 106,ea,701.36,AUD,chairs.pdf,6,OK,
A226,Chairs,A226 PU leather High-quality PU leather (genuine leather）+ high- density sponge+Doll Sponge+ Wooden Inner Frame + metal legs Blue-green black 115*74*76 L-shaped cardboard box/1 piece per carton 2pieceputcartonsize are 11,ea,1520.92,AUD,chairs.pdf,4,OK,
A2305,Chairs,A2305 PU leather High-quality genuine leather/ PU leather + high-density sponge+Doll Sponge+ Wooden Inner Frame + metal legs grey+WovenK haki color 112*75*81 L-shaped cardboard box/1 piece per carton 2pieceputcartonsize ,ea,1225.43,AUD,chairs.pdf,3,OK,
A2307,Chairs,A2307 PU leather High-quality genuine leather/ PU leather + high-density sponge+Doll Sponge+ Wooden Inner Frame + metal legs drak grey+Wovenc offee 112*75*81 L-shaped cardboard box/1 piece per carton 2pieceputcartonsize ,ea,1225.43,AUD,chairs.pdf,3,OK,
A2308,Chairs,A2308 PU leather High-quality genuine leather/ PU leather + high-density sponge+Doll Sponge+ Wooden Inner Frame + metal legs grey+WovenK haki color 112*75*81 L-shaped cardboard box/1 piece per carton 2pieceputcartonsize ,ea,1225.43,AUD,chairs.pdf,3,OK,
A2309,Chairs,A2309 PU leather High-quality genuine leather/ PU leather + high-density sponge+Doll Sponge+ Wooden Inner Frame + metal legs drak grey+Wovenc offee 112*75*81 L-shaped cardboard box/1 piece per carton 2pieceputcartonsize ,ea,1225.43,AUD,chairs.pdf,4,OK,
A231,Chairs,A231 A metalleg High-quality PU leather + high-density sponge+Doll Sponge+ Wooden Inner Frame + metal legs black grey 107*76*78 L-shaped cardboard box/1 piece per carton 2pieceputcarton的纸 cartonsize are 107*106*780.45m³/,ea,1125.24,AUD,chairs.pdf,5,OK,
A2312,Chairs,A2312 Scratch- resistantPU leather High-Quality genuine leather/ PU leather+ shaping sponge+ Wooden Inner Frame + metal legs Off-white drak grey 115*78*77 1 piece per carton 42kg,ea,2850.44,AUD,chairs.pdf,2,OK,
A2313-1,Chairs,A2313-1 Manual Adjustment Scratch- resistantPU High-Quality genuine leather/ PU leather+ shaping sponge+ Wooden Inner Frame + metal legs Off-white drak grey 115*78*77 1 piece per carton 38KG,ea,1520.92,AUD,chairs.pdf,2,OK,
A2316,Chairs,A2316 PU leather High-quality PU leather + high-density sponge+Doll Sponge+ Wooden Inner Frame + metal legs drak grey black 99*72*75 1 piece per carton 28KG,ea,851.65,AUD,chairs.pdf,3,OK,
A2317,Chairs,A2317 PU leather High-quality PU leather + high-density sponge+Doll Sponge+ Wooden Inner Frame + metal legs Khaki color 99*72*75 1 piece per carton 28KG,ea,851.65,AUD,chairs.pdf,3,OK,
A2318,Chairs,A2318 PU leather High-quality PU leather + high-density sponge+Doll Sponge+ Wooden Inner Frame + metal legs Earthy yellow 99*72*75 1 piece per carton 28KG,ea,851.65,AUD,chairs.pdf,3,OK,
A2321,Chairs,A2321 Manual Adjustment High-quality eco-friendly High-Quality Eco-Friendly Leather/genuine leather+ high-density sponge+Doll Sponge+ Wooden Inner Frame + metal legs greywhite Khaki color black色 115*78*77 1 piece per car,ea,1520.92,AUD,chairs.pdf,2,OK,
A2325,Chairs,A2325 PU leather High-quality PU leather + high-density sponge+Doll Sponge+ Wooden Inner Frame + metal legs greywhite Khaki color 99*72*75 1 piece per carton,ea,1520.92,AUD,chairs.pdf,3,OK,
A2326,Chairs,A2326 Electric High-quality eco-friendly faux leather High-Quality Eco-Friendly Leather+ high-density sponge+Doll Sponge+ Wooden Inner Frame + metal legs greywhite Khaki color 115*78*77 1 piece per carton 45KG,ea,2955.73,AUD,chairs.pdf,2,OK,
A2328,Chairs,A2328 PU leather High-quality PU leather + high-density sponge+Doll Sponge+ Wooden Inner Frame + metal legs greywhite Khaki color 99*72*75 1 piece per carton,ea,1225.43,AUD,chairs.pdf,3,OK,
A2329,Chairs,A2329 PU leather High-quality PU leather + high-density sponge+Doll Sponge+ Wooden Inner Frame + metal legs greywhite Khaki color black 99*72*75 1 piece per carton,ea,1520.92,AUD,chairs.pdf,3,OK,
A2333,Chairs,A2333 leather High-quality eco-friendly faux leather High-Quality Eco-Friendly Leather+ high-density sponge+Doll Sponge+ Wooden Inner Frame + metal legs greywhite Khaki color black 105*75*74CM 1 piece per carton,ea,1325.62,AUD,chairs.pdf,3,OK,
A236,Chairs,A236 PU leather High-quality PU leather + high-density sponge+Doll Sponge+ Wooden Inner Frame + metal legs black light grey 105*75*74 L-shaped cardboard box/1 piece per carton 2pieceputcartonsize are 105*107*74 0.42m³/pi,ea,1010.94,AUD,chairs.pdf,4,OK,
A3002,Chairs,A3002 black frame With Seat Shell *61*64 3piece per carton,ea,4180.74,AUD,chairs.pdf,26,OK,
A324,Chairs,A324 PU leather High-quality PU leather + high-density sponge+ metal armrest + metal legs L-shaped cardboard box 106*61*68(1piece) W59*D70*H118,ea,1328.68,AUD,chairs.pdf,11,OK,
A332,Chairs,A332 PU leather High-quality PU leather + high-density sponge+ Wooden Inner Frame + metal legs L-shaped cardboard box 108*65*68(1piece) W68*D67*H117,ea,1320.53,AUD,chairs.pdf,11,OK,
A335-1,Chairs,A335-1 PU leather High-quality PU leather + high-density sponge+ Wooden Inner Frame + metal legs L-shaped cardboard box 106*61*68(1piece) W66*D65*H116,ea,1120.14,AUD,chairs.pdf,11,OK,
A336,Chairs,A336 PU leather High-quality PU leather +Inner frame metal frame + shaping sponge + metal legs L-shaped cardboard box 108*65*68(1piece) W68*D60*H125.5,ea,1535.01,AUD,chairs.pdf,11,OK,
A338,Chairs,A338 PU leather High-quality PU leather +Inner frame metal frame + shaping sponge + metal legs L-shaped cardboard box 106*61*68(1piece) W69*D61*H116.5,ea,1520.92,AUD,chairs.pdf,11,OK,
A358,Chairs,A358 PU leather High-quality PU leather +Inner frame metal frame + shaping sponge + metal legs L-shaped cardboard box 108*65*68(1piece) W69*D63*H119,ea,1535.01,AUD,chairs.pdf,12,OK,
A362,Chairs,A362 PU leather High-quality PU leather +Inner frame metal frame + shaping sponge + metal legs L-shaped cardboard box 110*68*75(1piece) W72.5*D69.5*H118.5,ea,1935.79,AUD,chairs.pdf,12,OK,
A505,Chairs,A505 Electric with massage genuine leather High-Quality genuine leather/ PU leather+ shaping sponge+ Wooden Inner Frame + metal legs red black+ greywhite 106*78*77CM flatcarton 1 piece per carton,ea,3675.09,AUD,chairs.pdf,1,OK,
A506,Chairs,A506 leather Manual AdjustmentHigh -quality eco- friendly faux High-Quality Eco-Friendly Leather/genuine leather+ high-density sponge+Doll Sponge+ Wooden Inner Frame + metal legs Earthy yellow Khaki color 115*78*75 7字car,ea,1520.92,AUD,chairs.pdf,1,OK,
A509,Chairs,A509 Electric with massage genuine leather High-Quality genuine leather/ PU leather+ shaping sponge+ Wooden Inner Frame + metal legs Off-white+ grey red+black 106*78*77CM flatcarton 1 piece per carton,ea,3970.58,AUD,chairs.pdf,1,OK,
A511,Chairs,A511 Manual AdjustmentHigh -quality eco- friendly faux High-Quality Eco-Friendly Leather/genuine leather+ high-density sponge+Doll Sponge+ Wooden Inner Frame + metal legs red Off-white black 112*75*79CM 7字carton 1 piece ,ea,1520.92,AUD,chairs.pdf,1,OK,
A512,Chairs,A512 Electric genuine leather High-Quality genuine leather/ PU leather+ shaping sponge+ Wooden Inner Frame + metal legs coffee black,ea,3975.68,AUD,chairs.pdf,1,OK,
A513,Chairs,A513 Manual AdjustmentHigh -quality eco- friendly faux High-Quality Eco-Friendly Leather/genuine leather+ high-density sponge+Doll Sponge+ Wooden Inner Frame + metal legs coffee black 115*78*77 7字carton 1 piece per carto,ea,1520.92,AUD,chairs.pdf,1,OK,
A513D,Chairs,A513D Manual AdjustmentHigh -quality eco- friendly faux leather High-Quality Eco-Friendly Leather/genuine leather+ high-density sponge+Doll Sponge+ Wooden Inner Frame + metal legs coffee black,ea,1420.72,AUD,chairs.pdf,2,OK,
A515,Chairs,A515 Electric with massage genuine leather High-Quality genuine leather/ PU leather+ shaping sponge+ Wooden Inner Frame + metal legs light brown black 115*78*75CM flatcarton 1 piece per carton,ea,4790.13,AUD,chairs.pdf,1,OK,
A518,Chairs,A518 Electric genuine leather High-Quality genuine leather/ PU leather+ shaping sponge+ Wooden Inner Frame + metal legs coffee black,ea,3975.68,AUD,chairs.pdf,1,OK,
A520,Chairs,A520 Electric with massage genuine leather High-Quality genuine leather/ PU leather+ shaping sponge+ Wooden Inner Frame + metal legs greywhite black 106*78*77CM flatcarton 1 piece per carton,ea,3870.39,AUD,chairs.pdf,1,OK,
A6615,Chairs,A6615 PU leather High-quality PU leather + high-density sponge+ Wooden Inner Frame + metal legs 1 piece per carton,ea,1010.94,AUD,chairs.pdf,14,OK,
A8006,Chairs,A8006 PU leather High-quality PU leather + high-density sponge+ Wooden Inner Frame + metal legs 95*70*64 1 piece per carton 0.42m³ 23KGS,ea,1320.53,AUD,chairs.pdf,14,OK,
A8068,Chairs,A8068 PU leather High-quality PU leather + high-density sponge+ Wooden Inner Frame + metal legs black grey coffee 97*76*63 2 pieces per carton 0.24m³/piece 22kg,ea,751.46,AUD,chairs.pdf,9,OK,
A821,Chairs,A821 PU leather 电镀脚 High-quality PU leather + high-density sponge+ Wooden Inner Frame + metal legs 1 piece per carton,ea,1025.04,AUD,chairs.pdf,12,OK,
A8801,Chairs,A8801 PU leather High-quality PU leather + high-density sponge+ Wooden Inner Frame + metal legs 1 piece per carton82*62*118 0.6m³ 24.5KGS,ea,1420.72,AUD,chairs.pdf,13,OK,
A8802,Chairs,A8802 PU leather High-quality PU leather + high-density sponge+ Wooden Inner Frame + metal legs 1 piece per carton97*57*70 0.39m³ 23KGS,ea,1535.01,AUD,chairs.pdf,13,OK,
A8805,Chairs,A8805 PU leather High-quality PU leather + high-density sponge+ Wooden Inner Frame + metal legs 1 piece per carton103*63*71 0.46m³ 23KG,ea,1220.33,AUD,chairs.pdf,14,OK,
A8809,Chairs,A8809 PU leather High-quality PU leather + high-density sponge+ Wooden Inner Frame + metal legs 1 piece per carton97*57*70 0.39m³ 25.5KGS,ea,1325.62,AUD,chairs.pdf,13,OK,
A881,Chairs,A881 PU leather High-quality PU leather + high-density sponge+ Wooden Inner Frame + metal legs 1 piece per carton 103*63*71 0.46m³ 21.2KGS,ea,1225.43,AUD,chairs.pdf,12,OK,
A8810,Chairs,A8810 PU leather High-quality PU leather + high-density sponge+ Wooden Inner Frame + metal legs 1 piece per carton97*57*70 0.39m³ 21KGS,ea,1535.01,AUD,chairs.pdf,13,OK,
A9152,Chairs,A9152 PU leather High-quality PU leather + high-density sponge+ Wooden Inner Frame + metal legs black grey coffee 115*72*65 2 pieces per carton 0.27m³/piece 23kg,ea,751.46,AUD,chairs.pdf,9,OK,
A996,Chairs,A996 PU leather High-quality PU leather + high-density sponge+ Wooden Inner Frame + metal legs black coffee 90*40*65 1 piece per carton 0.24m³/piece 25kg,ea,951.85,AUD,chairs.pdf,9,OK,
B04,Chairs,B04 PU leather High-quality PU leather + high-density sponge+ wooden frame + metal legs 70*60*62 1 piece per carton 19kg,ea,851.65,AUD,chairs.pdf,14,OK,
B1910,Chairs,B1910 PU leather High-quality PU leather + high-density sponge+ Wooden Inner Frame + metal legs black grey Earthy yellow 97*76*63 2piece/carton 0.24m³/piece 21kg,ea,701.36,AUD,chairs.pdf,9,OK,
B1911,Chairs,B1911 PU leather metal leg High-quality PU leather + high-density sponge+Doll Sponge+ Wooden Inner Frame + metal legs coffee+Off- white coffee+ grey 95*76*40 1 piece per carton 0.29m³1piece 24kg,ea,1125.24,AUD,chairs.pdf,8,OK,
B1916,Chairs,B1916 PU leather High-quality PU leather + high-density sponge+ Wooden Inner Frame + metal legs beige orange grey 108*59*69 L-shaped cardboard box/1 piece per carton 2-piece combined carton box specifications are 108*80*,ea,801.55,AUD,chairs.pdf,7,OK,
B1919,Chairs,B1919 PU leather High-quality PU leather + high-density sponge+ Wooden Inner Frame + metal legs black grey coffee 97*75*36 1 piece per carton 0.27m³ 24kg,ea,951.85,AUD,chairs.pdf,8,OK,
B192,Chairs,B192 PU leather High-quality PU leather + high-density sponge+ Wooden Inner Frame + metal legs black grey coffee 110*68*66 2 pieces per carton 0.25m³1piece 20kg,ea,701.36,AUD,chairs.pdf,8,OK,
B1926,Chairs,B1926 PU leather High-quality PU leather + high-density sponge+Doll Sponge+ Wooden Inner Frame + metal legs coffee+Off- white coffee+ grey 98*75*42 1 piece per carton 0.31m³/piece 24kg,ea,1425.82,AUD,chairs.pdf,7,OK,
B193,Chairs,B193 PU leather High-quality PU leather + high-density sponge+ Wooden Inner Frame + metal legs black grey coffee Earthy yellow 78*75*35 1 piece per carton 0.21m³/piece 24kg,ea,1010.94,AUD,chairs.pdf,10,OK,
B21,Chairs,B21 black frame With Seat Shell High-quality mesh fabric + high-density foam + PP + metal 73*41*62 1piece per carton,ea,731.42,AUD,chairs.pdf,25,OK,
B210,Chairs,B210 PU leather High-quality PU leather + high-density sponge+ Wooden Inner Frame + metal legs orange+Off- white coffee+ grey 78*66*38 1 piece per carton 0.2m³/piece 22kg,ea,1125.24,AUD,chairs.pdf,6,OK,
B218,Chairs,B218 PU leather High-quality PU leather + high-density sponge+ Wooden Inner Frame + metal legs grey grey+coffee light grey+coffee 95*33*65 1 piece per carton 0.2m³/piece 20kg,ea,951.85,AUD,chairs.pdf,7,OK,
B219,Chairs,B219 PU leather High-quality PU leather + shaping sponge+ Wooden Inner Frame + metal legs coffee+Eart hy yellow coffee+Off- white 95*33*65 1 piece per carton 0.2m³/piece 19kg,ea,951.85,AUD,chairs.pdf,6,OK,
B2203,Chairs,B2203 PU leather High-quality PU leather + high-density sponge+ Wooden Inner Frame + metal legs black grey 72*64*36 1 piece per carton 0.17m³/piece 20kg,ea,701.36,AUD,chairs.pdf,5,OK,
B2205,Chairs,B2205 PU leather High-quality PU leather + high-density sponge+ Wooden Inner Frame + metal legs black grey 72*64*36 1 piece per carton 0.17m³/piece 19kg 2,ea,701.36,AUD,chairs.pdf,5,OK,
B2212,Chairs,B2212 PU leather High-quality PU leather + high-density sponge+ Wooden Inner Frame + metal legs Off- white+Beige grey,ea,1125.24,AUD,chairs.pdf,5,OK,
B2215,Chairs,B2215 PU leather High-quality PU leather + high-density sponge+ Wooden Inner Frame + metal legs Off- white+light grey 106*66*74 L-shaped cardboard box/1 piece per carton 2-piece combined carton box specifications are 106,ea,651.26,AUD,chairs.pdf,6,OK,
B231,Chairs,B231 Aluminum Alloy leg High-quality PU leather + high-density sponge+Doll Sponge+ Wooden Inner Frame + metal legs black grey,ea,1220.33,AUD,chairs.pdf,6,OK,
B31,Chairs,B31 black *51*64 2piece per carton,ea,3976.75,AUD,chairs.pdf,24,OK,
B324,Chairs,B324 PU leather High-quality PU leather + high-density sponge+ metal armrest + metal legs L-shaped cardboard box 90*61*68(1piece) 102*73*62(2piece) W59*D67*H106,ea,1320.53,AUD,chairs.pdf,11,OK,
B332,Chairs,B332 PU leather High-quality PU leather + high-density sponge+ Wooden Inner Frame + metal legs L-shaped cardboard box 88*65*68(1piece) 105*70*68(2piece) W68*D66*H99.5,ea,1225.43,AUD,chairs.pdf,11,OK,
B335-1,Chairs,B335-1 PU leather High-quality PU leather + high-density sponge+ Wooden Inner Frame + metal legs L-shaped cardboard box 90*61*68(1piece) 90*70*68(2piece) W66*D62*H94,ea,1025.04,AUD,chairs.pdf,11,OK,
B336,Chairs,B336 PU leather High-quality PU leather +Inner frame metal frame + shaping sponge + metal legs L-shaped cardboard box 88*65*68(1piece) W68*D61*H101,ea,1520.92,AUD,chairs.pdf,11,OK,
B338,Chairs,B338 PU leather High-quality PU leather +Inner frame metal frame + shaping sponge + metal legs L-shaped cardboard box 90*61*68(1piece) W69*D61*H96.5,ea,1420.72,AUD,chairs.pdf,12,OK,
B358,Chairs,B358 PU leather High-quality PU leather +Inner frame metal frame + shaping sponge + metal legs L-shaped cardboard box 88*65*68(1piece) W69*D63*H97,ea,1520.92,AUD,chairs.pdf,12,OK,
B362,Chairs,B362 PU leather High-quality PU leather +Inner frame metal frame + shaping sponge + metal legs L-shaped cardboard box 90*68*75(1piece) W72.5*D69.5*H100,ea,1830.5,AUD,chairs.pdf,12,OK,
B6615,Chairs,B6615 PU leather High-quality PU leather + high-density sponge+ Wooden Inner Frame + metal legs 2 pieces per carton,ea,951.85,AUD,chairs.pdf,14,OK,
B8006,Chairs,B8006 PU leather High-quality PU leather + high-density sponge+ Wooden Inner Frame + metal legs 1 piece per carton 78*74*64 0.36m³ 21KG,ea,1225.43,AUD,chairs.pdf,14,OK,
B8068,Chairs,B8068 PU leather High-quality PU leather + high-density sponge+ Wooden Inner Frame + metal legs black grey coffee 97*76*63 2 pieces per carton 0.24m³/piece 22kg,ea,701.36,AUD,chairs.pdf,9,OK,
B821,Chairs,B821 PU leather 电镀脚 High-quality PU leather + high-density sponge+ Wooden Inner Frame + metal legs 1 piece per carton,ea,1010.94,AUD,chairs.pdf,12,OK,
B8801,Chairs,B8801 PU leather High-quality PU leather + high-density sponge+ Wooden Inner Frame + metal legs 2 pieces per carton External Accessories92*82*68 0.52m³ 19.3KGS,ea,1320.53,AUD,chairs.pdf,13,OK,
B8802,Chairs,B8802 PU leather High-quality PU leather + high-density sponge+ Wooden Inner Frame + metal legs 2 pieces per carton External Accessories88*82*58 0.42m³ 20KGS,ea,1520.92,AUD,chairs.pdf,13,OK,
B8805,Chairs,B8805 PU leather High-quality PU leather + high-density sponge+ Wooden Inner Frame + metal legs 2 pieces per carton External Accessories88*62*68 0.37m³ 21KG,ea,1120.14,AUD,chairs.pdf,14,OK,
B8809,Chairs,B8809 PU leather High-quality PU leather + high-density sponge+ Wooden Inner Frame + metal legs 2 pieces per carton External Accessories88*62*68 0.37m³ 20KGS,ea,1320.53,AUD,chairs.pdf,13,OK,
B881,Chairs,B881 PU leather High-quality PU leather + high-density sponge+ Wooden Inner Frame + metal legs 2 pieces per carton External Accessories 88*62*68 0.37m³ 23.3KGS,ea,1220.33,AUD,chairs.pdf,12,OK,
B8810,Chairs,B8810 PU leather High-quality PU leather + high-density sponge+ Wooden Inner Frame + metal legs 2 pieces per carton External Accessories88*62*68 0.37m³,ea,1520.92,AUD,chairs.pdf,13,OK,
B9152,Chairs,B9152 PU leather High-quality PU leather + high-density sponge+ Wooden Inner Frame + metal legs black grey coffee 115*72*65 2 pieces per carton 0.27m³/piece 23kg,ea,701.36,AUD,chairs.pdf,9,OK,
C31,Chairs,C31 all black *51*64 2piece per carton,ea,3466.75,AUD,chairs.pdf,24,OK,
C324,Chairs,C324 PU leather High-quality PU leather + high-density sponge+ metal armrest + metal legs chair83*64*63(2piece) leg frame65*45*59(4piece) W59*D67*H106,ea,1125.24,AUD,chairs.pdf,11,OK,
C332,Chairs,C332 PU leather High-quality PU leather + high-density sponge+ Wooden Inner Frame + metal legs chair78*68*62(2piece) leg frame65*45*59(4piece) W68*D63*H101.5,ea,951.85,AUD,chairs.pdf,11,OK,
C335-1,Chairs,C335-1 PU leather High-quality PU leather + high-density sponge+ Wooden Inner Frame + metal legs chair75*60*65(2piece) leg frame65*45*59(4piece) W66*D62*H94,ea,881.71,AUD,chairs.pdf,11,OK,
C336,Chairs,C336 PU leather High-quality PU leather +Inner frame metal frame + shaping sponge + metal legs chair85*70*68(2piece) leg frame65*45*59(4piece) W68*D61*H101,ea,1125.24,AUD,chairs.pdf,11,OK,
C338,Chairs,C338 PU leather High-quality PU leather +Inner frame metal frame + shaping sponge + metal legs 83*64*70(2piece) W69*D58*H101.5,ea,1025.04,AUD,chairs.pdf,12,OK,
C358,Chairs,C358 PU leather High-quality PU leather +Inner frame metal frame + shaping sponge + metal legs 90*70*68(2piece) W69*D63*H96,ea,1125.24,AUD,chairs.pdf,12,OK,
D1910,Chairs,D1910 PU leather High-quality PU leather + high-density sponge+ Wooden Inner Frame + metal legs black grey Earthy yellow 97*76*63 2piece/carton leg frame individually packaged 0.25m³/piece 16.5kg,ea,651.26,AUD,chairs.pdf,9,OK,
D1911,Chairs,D1911 PU leather High-quality PU leather + high-density sponge+Doll Sponge+ Wooden Inner Frame + metal legs coffee+Off- white coffee+ grey 78*75*35 1 piece per carton leg frame individually packaged 0.21m³/piece 18kg,ea,851.65,AUD,chairs.pdf,8,OK,
D1916,Chairs,D1916 PU leather High-quality PU leather + high-density sponge+ Wooden Inner Frame + metal legs beige orange grey 87*68*65 2 pieces per carton leg frame individually packaged 0.21m³/piece 14kg,ea,651.26,AUD,chairs.pdf,7,OK,
D1919,Chairs,D1919 PU leather High-quality PU leather + high-density sponge+ Wooden Inner Frame + metal legs black grey coffee 78*75*35 1 piece per carton leg frame individually packaged 0.21m³/piece 20kg,ea,801.55,AUD,chairs.pdf,8,OK,
D192,Chairs,D192 PU leather High-quality PU leather + high-density sponge+ Wooden Inner Frame + metal legs black grey coffee 87*76*65 2 pieces per carton leg frame individually packaged 0.23m³/piece 16kg,ea,601.17,AUD,chairs.pdf,9,OK,
D1925,Chairs,D1925 PU leather High-quality PU leather + high-density sponge+Doll Sponge+ Wooden Inner Frame + metal legs black grey coffee 110*80*52 4 pieces per carton leg frame individually packaged 0.13m³/piece 16kg,ea,551.07,AUD,chairs.pdf,8,OK,
D1926,Chairs,D1926 PU leather High-quality PU leather + high-density sponge+Doll Sponge+ Wooden Inner Frame + metal legs coffee+Off- white coffee+ grey 78*75*35 1 piece per carton leg frame individually packaged 0.21m³/piece 22kg,ea,851.65,AUD,chairs.pdf,7,OK,
D193,Chairs,D193 PU leather High-quality PU leather + high-density sponge+ Wooden Inner Frame + metal legs black grey coffee Earthy yellow 78*75*35 1 piece per carton leg frame individually packaged 0.21m³/piece 21kg,ea,801.55,AUD,chairs.pdf,10,OK,
D21,Chairs,D21 black frame With Seat Shell High-quality mesh fabric + high-density foam + PP + metal 73*41*62 1piece per carton,ea,671.3,AUD,chairs.pdf,26,OK,
D210,Chairs,D210 PU leather High-quality PU leather + high-density sponge+ Wooden Inner Frame + metal legs orange+Off- white coffee+ grey 78*66*35 2 pieces per carton leg frame individually packaged 0.2m³/piece 16kg,ea,801.55,AUD,chairs.pdf,6,OK,
D218,Chairs,D218 PU leather High-quality PU leather + high-density sponge+ Wooden Inner Frame + metal legs grey grey+coffee light grey+coffee 70*63*60 2 pieces per carton Includes leg frame 0.14m³/piece 15kg,ea,651.26,AUD,chairs.pdf,7,OK,
D219,Chairs,D219 PU leather High-quality PU leather + shaping sponge+ Wooden Inner Frame + metal legs coffee+Eart hy yellow coffee+Off- white 70*63*60 2 pieces per carton Includes leg frame 0.14m³/piece 15kg,ea,651.26,AUD,chairs.pdf,6,OK,
D2212,Chairs,D2212 PU leather High-quality PU leather + high-density sponge+ Wooden Inner Frame + metal legs Off- white+Beige grey,ea,851.65,AUD,chairs.pdf,5,OK,
D2215,Chairs,D2215 PU leather High-quality PU leather + high-density sponge+ Wooden Inner Frame + metal legs beige orange grey 0.36m³/piece 87*68*65 2 pieces per carton leg frame individually packaged 0.21m³/piece 14kg,ea,601.17,AUD,chairs.pdf,6,OK,
D231,Chairs,D231 PU leather High-quality PU leather + high-density sponge+Doll Sponge+ Wooden Inner Frame + metal legs black grey,ea,851.65,AUD,chairs.pdf,6,OK,
D3002,Chairs,D3002 black frame With Seat Shell *61*64 3piece per carton， leg inside,ea,3058.74,AUD,chairs.pdf,26,OK,
D3014-V,Chairs,D3014-V black frame With Seat Shell *61*64 3piece per carton，leg inside,ea,3466.74,AUD,chairs.pdf,25,OK,
D6615,Chairs,D6615 PU leather High-quality PU leather + high-density sponge+ Wooden Inner Frame + metal legs 2 pieces per carton External leg Frame,ea,851.65,AUD,chairs.pdf,14,OK,
D8006,Chairs,D8006 PU leather High-quality PU leather + high-density sponge+ Wooden Inner Frame + metal legs 2 pieces per carton External leg Frame 88*62*68 0.37m³ 18.3KGS,ea,1028.1,AUD,chairs.pdf,14,OK,
D821,Chairs,D821 PU leather High-quality PU leather + high-density sponge+ Wooden Inner Frame + metal legs 2 pieces per carton,ea,851.65,AUD,chairs.pdf,12,OK,
D8801,Chairs,D8801 PU leather High-quality PU leather + high-density sponge+ Wooden Inner Frame + metal legs 2 pieces per carton External leg Frame92*82*68 0.52m³ 19.3KGS,ea,1025.04,AUD,chairs.pdf,13,OK,
D8802,Chairs,D8802 PU leather High-quality PU leather + high-density sponge+ Wooden Inner Frame + metal legs 2 pieces per carton External leg Frame88*82*58 0.42m³ 20KGS,ea,1125.24,AUD,chairs.pdf,13,OK,
D8805,Chairs,D8805 PU leather High-quality PU leather + high-density sponge+ Wooden Inner Frame + metal legs 2 pieces per carton External leg Frame88*62*68 0.37m³ 21KG,ea,901.75,AUD,chairs.pdf,14,OK,
D8809,Chairs,D8809 PU leather High-quality PU leather + high-density sponge+ Wooden Inner Frame + metal legs 2 pieces per carton External leg Frame88*62*68 0.37m³ 20KGS,ea,951.85,AUD,chairs.pdf,13,OK,
D881,Chairs,D881 PU leather High-quality PU leather + high-density sponge+ Wooden Inner Frame + metal legs 2 pieces per carton External leg Frame88*62*68 0.37m³ 23.3KGS,ea,951.85,AUD,chairs.pdf,12,OK,
D8810,Chairs,D8810 PU leather High-quality PU leather + high-density sponge+ Wooden Inner Frame + metal legs 2 pieces per carton External leg Frame88*62*68 0.37m³ 20KGS,ea,1120.14,AUD,chairs.pdf,13,OK,
D9152,Chairs,D9152 PU leather High-quality PU leather + high-density sponge+ Wooden Inner Frame + metal legs black grey coffee 115*72*65 2 pieces per carton 0.27m³/piece 23kg,ea,651.26,AUD,chairs.pdf,9,OK,
K01,Chairs,K01 black frame black mesh High-quality mesh fabric + high-density foam + PP + metal 92*40*63 1piece per carton 16.3kg,ea,581.13,AUD,chairs.pdf,22,OK,
KL-333A,Chairs,KL-333A black frame High-quality mesh fabric + high-density foam + PP + metal 73*64*62cm 2piece per carton 15.5kg,ea,521.01,AUD,chairs.pdf,22,OK,
KL-333A-LP,Chairs,KL-333A-LP black frame High-quality mesh fabric + high-density foam + PP + metal 73*64*62cm 2piece per carton 15.95KG,ea,601.17,AUD,chairs.pdf,22,OK,
KL-333B-LP,Chairs,KL-333B-LP black frame High-quality mesh fabric + high-density foam + PP + metal 73*64*62cm 2piece per carton 14.6KGS,ea,561.09,AUD,chairs.pdf,23,OK,
KL-333C-LP,Chairs,KL-333C-LP black frame High-quality mesh fabric + high-density foam + PP + metal 73*64*62cm 2piece per carton 14.4KGS,ea,561.09,AUD,chairs.pdf,23,OK,
AM-01,LiYu (Supplier),AM-01 executive table 2800*1000（2000） *760H E1 grade MDF+ Desktop sticker wood veneer m³ 235KG,ea,0.63,AUD,LiYu Furniture Quotation - 2025.pdf,1,OK,
AM-21,LiYu (Supplier),AM-21 Conference table 4800*1500*760H E1 grade MDF+ Desktop sticker wood veneer m³ 355KG,ea,1350.0,AUD,LiYu Furniture Quotation - 2025.pdf,1,OK,
AM-31,LiYu (Supplier),AM-31 filing cabinet 3200*420*2000H E1 grade MDF+ wood veneer m³ 286KG,ea,1190.0,AUD,LiYu Furniture Quotation - 2025.pdf,1,OK,
AM-35,LiYu (Supplier),AM-35 cabinet 1250*400*1000H m³ 105KG,ea,0.16,AUD,LiYu Furniture Quotation - 2025.pdf,1,OK,
AM-71,LiYu (Supplier),AM-71 coffee table 1400*700*450 E1 grade MDF+ wood veneer m³ 55KG,ea,270.0,AUD,LiYu Furniture Quotation - 2025.pdf,1,OK,
AM-72,LiYu (Supplier),AM-72 coffee table 400*H450 E1 grade MDF+ wood veneer m³ 35KG,ea,0.05,AUD,LiYu Furniture Quotation - 2025.pdf,1,OK,
AM-91,LiYu (Supplier),AM-91 tea table 2400*800*760H E1 grade MDF+ Desktop sticker wood veneer m³ 165KG,ea,0.45,AUD,LiYu Furniture Quotation - 2025.pdf,1,OK,
CH-31,LiYu (Supplier),CH-31 File cabinet 2400*400*2000 E1 grade MDF+ E1 grade melamine fiber board m³ 200KG,ea,380.0,AUD,LiYu Furniture Quotation - 2025.pdf,8,OK,
D0614,LiYu (Supplier),D0614 staff table (2-seat) 1400*1200*1005 E1 grade melamine fiber board+metal m³ 90KG,ea,0.32,AUD,LiYu Furniture Quotation - 2025.pdf,20,OK,
D0614Y,LiYu (Supplier),D0614Y staff table (2-seat) Extended position 1400*1200*1005 E1 grade melamine fiber board m³ 80KG,ea,0.29,AUD,LiYu Furniture Quotation - 2025.pdf,20,OK,
D0712,LiYu (Supplier),D0712 staff table (1-seat) 1200*600*980 E1 grade melamine fiber board+metal m³ 35KG,ea,0.14,AUD,LiYu Furniture Quotation - 2025.pdf,19,OK,
D0712Y,LiYu (Supplier),D0712Y staff table (1-seat) Extended position 1200*600*980 E1 grade melamine fiber board+metal m³ 30KG,ea,0.12,AUD,LiYu Furniture Quotation - 2025.pdf,19,OK,
D0714,LiYu (Supplier),D0714 1400*600*980 m³ 38KG,ea,0.15,AUD,LiYu Furniture Quotation - 2025.pdf,19,OK,
D0714Y,LiYu (Supplier),D0714Y position 1400*600*980 m³ 33KG,ea,0.13,AUD,LiYu Furniture Quotation - 2025.pdf,19,OK,
D0812Y,LiYu (Supplier),D0812Y staff table (2-seat) Extended position 1200*1200*980 E1 grade melamine fiber board m³ 65KG,ea,0.23,AUD,LiYu Furniture Quotation - 2025.pdf,19,OK,
D0814,LiYu (Supplier),D0814 1400*1200*980 m³ 75KG,ea,0.27,AUD,LiYu Furniture Quotation - 2025.pdf,19,OK,
D0814Y,LiYu (Supplier),D0814Y position 1400*1200*980 m³ 70KG,ea,0.25,AUD,LiYu Furniture Quotation - 2025.pdf,19,OK,
D0924,LiYu (Supplier),D0924 staff table (4-seat) 2400*1200*750 E1 grade melamine fiber board+metal m³ 110KG,ea,0.4,AUD,LiYu Furniture Quotation - 2025.pdf,20,OK,
D0928,LiYu (Supplier),D0928 2800*1200*750 m³ 100KG,ea,0.42,AUD,LiYu Furniture Quotation - 2025.pdf,20,OK,
FLCJ-73,LiYu (Supplier),FLCJ-73 coffee table W1200*D600*H450 E1 grade melamine fiber board m³ 26KG,ea,0.12,AUD,LiYu Furniture Quotation - 2025.pdf,14;15,OK,
FLCJ-73B,LiYu (Supplier),FLCJ-73B coffee table W600*D600*H450 E1 grade melamine fiber board m³ 13KG,ea,0.05,AUD,LiYu Furniture Quotation - 2025.pdf,14;15,OK,
FLGZ-71C,LiYu (Supplier),FLGZ-71C filing cabinet W2000*D400*H2000 E1 grade melamine fiber board m³ 151KG,ea,210.0,AUD,LiYu Furniture Quotation - 2025.pdf,14,OK,
FLGZ-71D,LiYu (Supplier),FLGZ-71D filing cabinet W2000*D400*H2000 E1 grade melamine fiber board m³ 151KG,ea,210.0,AUD,LiYu Furniture Quotation - 2025.pdf,15,OK,
FLGZ-81,LiYu (Supplier),FLGZ-81 filing cabinet W2400*D400*H2000 E1 grade MDF+ wood veneer m³ 211KG,ea,0.45,AUD,LiYu Furniture Quotation - 2025.pdf,8,OK,
FLGZ-83B,LiYu (Supplier),FLGZ-83B filing cabinet W2400*D400*H2000 E1 grade MDF+ E1 grade melamine fiber board+glass m³ 194KG,ea,370.0,AUD,LiYu Furniture Quotation - 2025.pdf,13,OK,
FLGZ-84B,LiYu (Supplier),FLGZ-84B filing cabinet W3200*D400*H2000 E1 grade MDF+ E1 grade melamine fiber board+glass m³ 247KG,ea,500.0,AUD,LiYu Furniture Quotation - 2025.pdf,13,OK,
FLGZ-86,LiYu (Supplier),FLGZ-86 filing cabinet W2400*D400*H2000 E1 grade MDF+ E1 grade melamine fiber board+glass m³ 198KG,ea,370.0,AUD,LiYu Furniture Quotation - 2025.pdf,13,OK,
FLGZ-87,LiYu (Supplier),FLGZ-87 filing cabinet W3200*D400*H2000 E1 grade MDF+ E1 grade melamine fiber board+glass m³ 246KG,ea,490.0,AUD,LiYu Furniture Quotation - 2025.pdf,13,OK,
FLZZ-104,LiYu (Supplier),FLZZ-104 executive table W2000*D1800*H750 E1 grade MDF+ E1 grade melamine fiber board m³ 128KG,ea,0.35,AUD,LiYu Furniture Quotation - 2025.pdf,13,OK,
FLZZ-70B,LiYu (Supplier),FLZZ-70B executive table W1600*D1600*H750 E1 grade melamine fiber board m³ 88KG,ea,190.0,AUD,LiYu Furniture Quotation - 2025.pdf,13,OK,
FLZZ-70C,LiYu (Supplier),FLZZ-70C executive table W1600*D800*H750 E1 grade melamine fiber board m³ 71KG,ea,180.0,AUD,LiYu Furniture Quotation - 2025.pdf,14,OK,
FLZZ-70E,LiYu (Supplier),FLZZ-70E manager table W1600*D800*H750 E1 grade melamine fiber board m³ 71KG,ea,180.0,AUD,LiYu Furniture Quotation - 2025.pdf,15,OK,
FLZZ-85,LiYu (Supplier),FLZZ-85 executive table W1800*D2000*H750 E1 grade MDF+ E1 grade melamine fiber board m³ 138KG,ea,410.0,AUD,LiYu Furniture Quotation - 2025.pdf,13,OK,
FLZZ-89,LiYu (Supplier),FLZZ-89 executive table W2000*D1950*H750 E1 grade MDF+ Desktop sticker wood veneer+metal m³ 155KG,ea,0.45,AUD,LiYu Furniture Quotation - 2025.pdf,8,OK,
GH-06,LiYu (Supplier),GH-06 executive table 2000*1800*760 E1 grade MDF+ E1 grade melamine fiber board m³ 139KG,ea,350.0,AUD,LiYu Furniture Quotation - 2025.pdf,7,OK,
GH-21,LiYu (Supplier),GH-21 executive table 2400*1100*760 E1 grade MDF+ E1 grade melamine fiber board m³ 107KG,ea,330.0,AUD,LiYu Furniture Quotation - 2025.pdf,6,OK,
GH-23,LiYu (Supplier),GH-23 Conference table 3600*1500*750 E1 grade MDF+ E1 grade melamine fiber board m³ 190KG,ea,700.0,AUD,LiYu Furniture Quotation - 2025.pdf,8,OK,
GH-30,LiYu (Supplier),GH-30 filing cabinet 2400*400*1900H E1 grade MDF+ E1 grade melamine fiber board m³ 172KG,ea,360.0,AUD,LiYu Furniture Quotation - 2025.pdf,6,OK,
GH-40,LiYu (Supplier),GH-40 coffee table 1200*600*450 E1 grade MDF+ E1 grade melamine fiber board m³ 42KG,ea,0.1,AUD,LiYu Furniture Quotation - 2025.pdf,6,OK,
GH-50,LiYu (Supplier),GH-50 cabinet 1600*400*800 E1 grade MDF+ E1 grade melamine fiber board m³ 66KG,ea,150.0,AUD,LiYu Furniture Quotation - 2025.pdf,8,OK,
GH-54,LiYu (Supplier),GH-54 coffee table 1200W*600D*420H mm E1 grade MDF+ E1 grade melamine fiber board m³ 22KG,ea,125.0,AUD,LiYu Furniture Quotation - 2025.pdf,8,OK,
GH-55,LiYu (Supplier),GH-55 coffee table 600W*600D*420H mm E1 grade MDF+ E1 grade melamine fiber board m³ 15KG,ea,100.0,AUD,LiYu Furniture Quotation - 2025.pdf,8,OK,
JZ-14H,LiYu (Supplier),JZ-14H 4600*1400*750 m³ 300KG,ea,0.6,AUD,LiYu Furniture Quotation - 2025.pdf,23,OK,
JZ-14H30,LiYu (Supplier),JZ-14H30 3000*1200*750 E1 grade m³ 130KG,ea,0.36,AUD,LiYu Furniture Quotation - 2025.pdf,23,OK,
JZ-14H36,LiYu (Supplier),JZ-14H36 3600*1400*750 board m³ 210KG,ea,0.51,AUD,LiYu Furniture Quotation - 2025.pdf,23,OK,
JZ14H24,LiYu (Supplier),JZ14H24 Conference table 2400*1200*750 E1 grade melamine fiber board m³ 100KG,ea,0.28,AUD,LiYu Furniture Quotation - 2025.pdf,23,OK,
MG-04,LiYu (Supplier),MG-04 coffee table 1400W*700D*400H E1 grade MDF+ E1 grade melamine fiber board m³ 67KG,ea,0.15,AUD,LiYu Furniture Quotation - 2025.pdf,12,OK,
MG-05,LiYu (Supplier),MG-05 coffee table 700W*700D*400H E1 grade melamine fiber board m³ 24KG,ea,0.06,AUD,LiYu Furniture Quotation - 2025.pdf,12,OK,
MG-06,LiYu (Supplier),MG-06 Conference table 2400W*1100D*750H E1 grade melamine fiber board m³ 115KG,ea,0.34,AUD,LiYu Furniture Quotation - 2025.pdf,12,OK,
NK-6009,LiYu (Supplier),NK-6009 executive table 2200*900*760 E1 grade MDF+ Desktop sticker wood veneer m³ 225KG,ea,550.0,AUD,LiYu Furniture Quotation - 2025.pdf,5,OK,
QF-01A,LiYu (Supplier),QF-01A staff table (1-seat) W1400*D600*H750 E1 grade melamine fiber board+metal m³ 53KG,ea,0.12,AUD,LiYu Furniture Quotation - 2025.pdf,16,OK,
QF-02A,LiYu (Supplier),QF-02A filing cabinet W2000*D400*H1950 E1 grade melamine fiber board m³ 158KG,ea,210.0,AUD,LiYu Furniture Quotation - 2025.pdf,17,OK,
QF-03A,LiYu (Supplier),QF-03A cabinet W800*D400*H860 E1 grade melamine fiber board m³ 35KG,ea,0.07,AUD,LiYu Furniture Quotation - 2025.pdf,17,OK,
QF-04A,LiYu (Supplier),QF-04A cabinet W800*D400*H1200 E1 grade melamine fiber board m³ 42KG,ea,0.08,AUD,LiYu Furniture Quotation - 2025.pdf,17,OK,
QF-05,LiYu (Supplier),QF-05 Conference table W1800*D800*H750 E1 grade melamine fiber board+metal m³ 41KG,ea,0.15,AUD,LiYu Furniture Quotation - 2025.pdf,17,OK,
QF-06A,LiYu (Supplier),QF-06A Conference table W2400*D1200*H750 E1 grade melamine fiber board+metal m³ 90KG,ea,185.0,AUD,LiYu Furniture Quotation - 2025.pdf,17,OK,
QF-07A,LiYu (Supplier),QF-07A Conference table W3200*D1200*H750 E1 grade melamine fiber board+metal m³ 110KG,ea,0.34,AUD,LiYu Furniture Quotation - 2025.pdf,17,OK,
QF-08A,LiYu (Supplier),QF-08A staff table (2-seat) W1200*D1200*H750 E1 grade melamine fiber board+metal m³ 70KG,ea,0.24,AUD,LiYu Furniture Quotation - 2025.pdf,17,OK,
QF-09A,LiYu (Supplier),QF-09A staff table (2-seat) Extended position W1200*D1200*H750 E1 grade melamine fiber board m³ 65KG,ea,0.18,AUD,LiYu Furniture Quotation - 2025.pdf,17,OK,
QF-10A,LiYu (Supplier),QF-10A staff table (1-seat) W1200*D600*H750 E1 grade melamine fiber board+metal m³ 35KG,ea,0.1,AUD,LiYu Furniture Quotation - 2025.pdf,17,OK,
QF-11A,LiYu (Supplier),QF-11A staff table (1-seat) Extended position W1200*D600*H750 E1 grade melamine fiber board m³ 30KG,ea,0.07,AUD,LiYu Furniture Quotation - 2025.pdf,17,OK,
QF-12A,LiYu (Supplier),QF-12A staff table (2-seat) W1500*D2400*H750 E1 grade melamine fiber board+metal m³ 126KG,ea,0.4,AUD,LiYu Furniture Quotation - 2025.pdf,18,OK,
QF-13A,LiYu (Supplier),QF-13A staff table (2-seat) Extended position W1500*D2400*H750 E1 grade melamine fiber board m³ 120KG,ea,0.33,AUD,LiYu Furniture Quotation - 2025.pdf,18,OK,
QF-14A,LiYu (Supplier),QF-14A staff table (2-seat) W1550*D1200*H750 E1 grade melamine fiber board+metal m³ 92KG,ea,0.3,AUD,LiYu Furniture Quotation - 2025.pdf,18,OK,
QF-15A,LiYu (Supplier),QF-15A staff table (2-seat) Extended position W1550*D1200*H750 E1 grade melamine fiber board m³ 87KG,ea,0.28,AUD,LiYu Furniture Quotation - 2025.pdf,18,OK,
QS-01,LiYu (Supplier),QS-01 executive table 2400W*2100D*768H E1 grade MDF+MFC+ Desktop wood veneer m³ 242KG,ea,0.67,AUD,LiYu Furniture Quotation - 2025.pdf,10,OK,
QS-02,LiYu (Supplier),QS-02 executive table 2400W*2100D*768H E1 grade MDF+MFC+ Desktop wood veneer m³ 223 KG,ea,525.0,AUD,LiYu Furniture Quotation - 2025.pdf,10,OK,
QS-03,LiYu (Supplier),QS-03 filing cabinet 3800W*439D*2000H E1 grade MDF+ E1 grade melamine fiber board+glass m³ 283KG,ea,0.75,AUD,LiYu Furniture Quotation - 2025.pdf,11,OK,
QS-04,LiYu (Supplier),QS-04 filing cabinet 3000W*439D*2000H E1 grade MDF+ E1 grade melamine fiber board+glass m³ 241KG,ea,0.52,AUD,LiYu Furniture Quotation - 2025.pdf,11,OK,
QS-05,LiYu (Supplier),QS-05 filing cabinet 2400W*420D*2000H E1 grade MDF+ E1 grade melamine fiber board+glass m³ 187KG,ea,0.28,AUD,LiYu Furniture Quotation - 2025.pdf,11,OK,
QS-06,LiYu (Supplier),QS-06 manager table 2000W*1800D*768H E1 grade MDF+ E1 grade melamine fiber board+PU leather m³ 130KG,ea,0.36,AUD,LiYu Furniture Quotation - 2025.pdf,10,OK,
QS-07,LiYu (Supplier),QS-07 Conference table 2400W*1100D*768H E1 grade MDF+ E1 grade melamine fiber board m³ 109KG,ea,0.43,AUD,LiYu Furniture Quotation - 2025.pdf,11,OK,
QS-08,LiYu (Supplier),QS-08 Conference table 3000W*1200D*768H E1 grade MDF+ E1 grade melamine fiber board m³ 183KG,ea,0.59,AUD,LiYu Furniture Quotation - 2025.pdf,11,OK,
QS-09,LiYu (Supplier),QS-09 Conference table 4800W*1600D*768H E1 grade MDF+ E1 grade melamine fiber board m³ 346KG,ea,0.89,AUD,LiYu Furniture Quotation - 2025.pdf,11,OK,
QS-10,LiYu (Supplier),QS-10 cabinet 1500W*420D*800H E1 grade MDF+ E1 grade melamine fiber board m³ 68KG,ea,0.02,AUD,LiYu Furniture Quotation - 2025.pdf,11,OK,
QS-11,LiYu (Supplier),QS-11 coffee table 1400W*700D*400H E1 grade MDF+ E1 grade melamine fiber board+PU leather m³ 68KG,ea,0.07,AUD,LiYu Furniture Quotation - 2025.pdf,11,OK,
QS-12,LiYu (Supplier),QS-12 coffee table 600W*600D*400H m³ 32KG,ea,0.02,AUD,LiYu Furniture Quotation - 2025.pdf,11,OK,
TES-002,LiYu (Supplier),TES-002 side cabinet 1280*600*650 E0 grade high- density board + sticker wood veneer+stainle ss steel m³ 60KG,ea,600.0,AUD,LiYu Furniture Quotation - 2025.pdf,6,OK,
TES-003,LiYu (Supplier),TES-003 Conference table 3600*1400*750 E0 grade high- density board + sticker wood veneer+stainle ss steel m³ 260KG,ea,2060.0,AUD,LiYu Furniture Quotation - 2025.pdf,6,OK,
TES-005,LiYu (Supplier),TES-005 filing cabinet 3600*500*2000 E0 grade high- density board + sticker wood veneer m³ 350KG,ea,2300.0,AUD,LiYu Furniture Quotation - 2025.pdf,6,OK,
TES-006,LiYu (Supplier),TES-006 cabinet 800*420*1200 E0 grade high- density board + sticker wood veneer m³ 48KG,ea,0.24,AUD,LiYu Furniture Quotation - 2025.pdf,7,OK,
TES-007,LiYu (Supplier),TES-007 tea table 1800*900*750 E0 grade high- density board + sticker wood veneer+natural marble m³ 140KG,ea,1200.0,AUD,LiYu Furniture Quotation - 2025.pdf,7,OK,
TES-008,LiYu (Supplier),TES-008 Negotiation table 1100*1100*750 E0 grade high- density board + sticker wood veneer+stainle ss steel m³ 35KG,ea,0.62,AUD,LiYu Furniture Quotation - 2025.pdf,7,OK,
TES-009,LiYu (Supplier),TES-009 coffee table 1400*700*450 E0 grade high- density board + sticker wood veneer+stainle ss steel m³ 75KG,ea,0.45,AUD,LiYu Furniture Quotation - 2025.pdf,7,OK,
TES-010,LiYu (Supplier),TES-010 coffee table 700*700*450 E0 grade high- density board + sticker wood veneer+stainle ss steel m³ 45KG,ea,0.33,AUD,LiYu Furniture Quotation - 2025.pdf,7,OK,
W1400,LiYu (Supplier),W1400*D600*H750 melamine fiber m³ 53KG,ea,0.12,AUD,LiYu Furniture Quotation - 2025.pdf,16,OK,
W3800,LiYu (Supplier),W3800*D1200*H750 m³ 156KG,ea,450.0,AUD,LiYu Furniture Quotation - 2025.pdf,14;16,OK,
W400,LiYu (Supplier),W400*D400*H560 melamine fiber m³ 17KG,ea,0.01,AUD,LiYu Furniture Quotation - 2025.pdf,16,OK,
W4200,LiYu (Supplier),W4200*D1380*H750 m³ 140KG,ea,0.42,AUD,LiYu Furniture Quotation - 2025.pdf,17,OK,
W4500,LiYu (Supplier),W4500*D1400*H750 board m³ 201KG,ea,580.0,AUD,LiYu Furniture Quotation - 2025.pdf,14;16,OK,
W5500,LiYu (Supplier),FLHYZ- 97A Conference table W5500*D1500*H750 E1 grade melamine fiber board m³ 245KG,ea,780.0,AUD,LiYu Furniture Quotation - 2025.pdf,14;16,OK,
W7000,LiYu (Supplier),W7000*D1600*H750 m³ 292KG,ea,990.0,AUD,LiYu Furniture Quotation - 2025.pdf,14;16,OK,
ZB-03,LiYu (Supplier),ZB-03 manager table 1800*1600*760 E1 grade melamine fiber board+metal m³ 98 KG,ea,0.25,AUD,LiYu Furniture Quotation - 2025.pdf,2,OK,
ZB-11,LiYu (Supplier),ZB-11 staff table (4-seat) 2400*1200*750 E1 grade melamine fiber board+metal m³ 137 KG,ea,230.0,AUD,LiYu Furniture Quotation - 2025.pdf,3,OK,
ZB-19,LiYu (Supplier),ZB-19 staff table (2-seat) 1200*1200*750 E1 grade melamine fiber board+metal m³ 69KG,ea,0.3,AUD,LiYu Furniture Quotation - 2025.pdf,4,OK,
ZB-21,LiYu (Supplier),ZB-21 Conference table 3800*1500*760H E1 grade MDF+ E1 grade melamine fiber board+metal m³ 175 KG,ea,0.65,AUD,LiYu Furniture Quotation - 2025.pdf,2,OK,
ZB-22,LiYu (Supplier),ZB-22 Conference table 2200*1100*750H E1 grade melamine fiber board m³ 70 KG,ea,0.25,AUD,LiYu Furniture Quotation - 2025.pdf,4,OK,
ZB-31,LiYu (Supplier),ZB-31 filing cabinet 3200*400*2000H E1 grade MDF+ E1 grade melamine fiber board m³ 275 KG,ea,550.0,AUD,LiYu Furniture Quotation - 2025.pdf,2,OK,
ZB-32,LiYu (Supplier),ZB-32 filing cabinet 2400*400*2000 E1 grade melamine fiber board m³ 208 KG,ea,330.0,AUD,LiYu Furniture Quotation - 2025.pdf,2,OK,
ZB-33,LiYu (Supplier),ZB-33 filing cabinet 2400*400*2000 E1 grade melamine fiber board m³ 179 KG,ea,230.0,AUD,LiYu Furniture Quotation - 2025.pdf,3,OK,
ZB-34,LiYu (Supplier),ZB-34 cabinet 1200*400*900H E1 grade melamine fiber board+metal m³ 52 KG,ea,0.1,AUD,LiYu Furniture Quotation - 2025.pdf,3,OK,
ZB-35,LiYu (Supplier),ZB-35 cabinet 1200*400*1000H E1 grade MDF+ E1 grade melamine fiber board m³ 53 KG,ea,100.0,AUD,LiYu Furniture Quotation - 2025.pdf,2,OK,
ZB-39,LiYu (Supplier),ZB-39 cabinet 800W*400D*800H E1 grade melamine fiber board m³ 35 KG,ea,0.1,AUD,LiYu Furniture Quotation - 2025.pdf,4,OK,
ZB-40,LiYu (Supplier),ZB-40 Negotiation table φ800 E1 grade melamine fiber board m³ 14 KG,ea,0.15,AUD,LiYu Furniture Quotation - 2025.pdf,4,OK,
ZB-71,LiYu (Supplier),ZB-71 coffee table 1400W*700D*450H E1 grade MDF+ E1 grade melamine fiber board+metal m³ 40 KG,ea,240.0,AUD,LiYu Furniture Quotation - 2025.pdf,2,OK,
ZB-72,LiYu (Supplier),ZB-72 coffee table φ400*450H E1 grade MDF+ E1 grade melamine fiber board+metal m³ 15 KG,ea,190.0,AUD,LiYu Furniture Quotation - 2025.pdf,2,OK,
ZB-88,LiYu (Supplier),ZB-88 Reception table 3000*800*1000H E1 grade MDF+metal m³ 240 KG,ea,630.0,AUD,LiYu Furniture Quotation - 2025.pdf,5,OK,
S03,Sofas,25-S03 $seats+ 1 seat 205*105*72 67 Eco Anti-Wrinkle Flannel+3350High- density High-resilience Foam 400 122*43*43 +116*34*3 4 0.36 58.7 2,ea,499.0,AUD,sofas1.pdf,1,OK,
S04,Sofas,25-S04 $sofa 1 seat+pouf 118*120*93 60 Teddy Fleece+3350High- density High-resilience Foam 320/110 0 120*35*35 0.15 30 1,ea,379.0,AUD,sofas1.pdf,1,OK,
S05,Sofas,25-S05 $sofa 3 seats 300*11*930 3350High-density High- resilience Foam 320/1100 116*31*62 100*28*28 0.30 57 2,ea,499.0,AUD,sofas1.pdf,1,OK,
S06,Sofas,25-S06 $sofa 4 seats 310*103/160* 75 60 Eco Anti-Wrinkle Flannel+3350High- density High-resilience Foam 400 115*30*30 *2+120*40 *40 0.40 72.6 3,ea,486.0,AUD,sofas1.pdf,1,OK,
S09,Sofas,25-S09 $seats+1 seat 280*100*72 64 Eco Anti-Wrinkle Flannel+3350High- density High-resilience Foam 360 112*36*36 *2+104*31 *31 0.39 74.63 3,ea,497.0,AUD,sofas1.pdf,1,OK,
S10,Sofas,25-S10 $sofa 2 seats+pouf 280*110*75 62 Teddy Fleece+Linen Fabric+3350High-density High-resilience Foam 340/285 110*45*45 *2 0.22 52 2,ea,379.0,AUD,sofas1.pdf,1,OK,
S11,Sofas,25-S11 $sofa 2 seats 280*105*80 68 Cotton and Linen+3350High-density High-resilience Foam Cotton and Linen 117*34*34 0.27 50 2,ea,482.0,AUD,sofas1.pdf,2,OK,
S13,Sofas,25-S13 $sofa 2 seats 200*115*71 Anti-Wrinkle Corduroy Fabri+3350High-density High-resilience Foam 400 120*35*35 0.08 27 1,ea,242.0,AUD,sofas1.pdf,2,OK,
S15,Sofas,25-S15 $sofa 2 seats 200*100*68 3350High-density High- resilience Foam 400 109*71*34 0.26 48 1,ea,245.0,AUD,sofas1.pdf,2,OK,
S16,Sofas,25-S16 $sofa 1 seats+pouf 90*90*72 3350High-density High- resilience Foam 400 100*30*30 0.13 17 1,ea,242.0,AUD,sofas1.pdf,2,OK,
S18,Sofas,25-S18 $sofa 2 seats 280*100*80 3350High-density High- resilience Foam 400 109*71*34 0.26 48 1,ea,483.0,AUD,sofas1.pdf,2,OK,
S19,Sofas,25-S19 $sofa 1 seat 120*170*72 3350High-density High- resilience Foam 400 145*55*55 0.45 36 1,ea,243.0,AUD,sofas1.pdf,2,OK,
S20,Sofas,25-S20 $sofa 3 seats+corner table 325*100*72 3350High-density High- resilience Foam 400 110*50*50 *2 85*45*45 0.72 75 2,ea,590.0,AUD,sofas1.pdf,2,OK,
S21,Sofas,25-S21 $sofa 3 seats 300*110*65 77 Eco Anti-Wrinkle Flannel+3350High- density High-resilience Foam 400 116*31*62 +100*28*2 8 0.30 57 2,ea,470.0,AUD,sofas1.pdf,2,OK,
S22,Sofas,25-S22 $sofa 2 seats 200*90*75 66 Anti-Wrinkle Corduroy Fabri+3350High-density High-resilience Foam 400 109*71*34 0.26 48 1,ea,244.0,AUD,sofas1.pdf,2,OK,
S23,Sofas,25-S23 $sofa 3 seats 280*100*72 70 Eco Anti-Wrinkle Flannel+3350High- density High-resilience Foam 400 112*40*40 0.36 66 2,ea,378.0,AUD,sofas1.pdf,2,OK,
S24,Sofas,25-S24 $sofa 3 seats 280*100*78 66 Flannel+3350High- density High-resilience Foam 420 122*33*33 *2 0.27 55.2 2,ea,590.0,AUD,sofas1.pdf,3,OK,
S25,Sofas,25-S25 $sofa 1 seat 130*180*68 155 Anti-Wrinkle Corduroy Fabri+3350High-density High-resilience Foam 436 135*45*45 0.27 44.6 1,ea,257.0,AUD,sofas1.pdf,3,OK,
S26,Sofas,25-S26 $sofa 3 seats 300*100*75 Anti-Wrinkle Corduroy Fabri+3350High-density High-resilience Foam 436 110*50*50 *2 85*45*45 0.72 75 3,ea,378.0,AUD,sofas1.pdf,3,OK,
S27,Sofas,25-S27 $sofa 3 seats 245*105*72 70 S644-3 Eco Anti-Wrinkle Corduroy Fabric+3350High-density High-resilience Foam 400 101*27*27 +126*30*3 0+126*30* 30 0.30 57.4 3,ea,377.0,AUD,sofas1.pdf,3,OK,
S28,Sofas,25-S28 $sofa 3 seats 300*100*75 3350High-density High- resilience Foam 436 110*50*50 *2 85*45*45 0.72 75 3,ea,378.0,AUD,sofas1.pdf,3,OK,
S29,Sofas,25-S29 $sofa 3 seats 270*106*60 Eco Anti-Wrinkle Flannel+3350High- density High-resilience Foam 400 115*33*33 0.25 58 2,ea,376.0,AUD,sofas1.pdf,3,OK,
S30,Sofas,25-S30 $sofa 2 seats 200*90*75 3350High-density High- resilience Foam 400 109*71*34 0.26 48 1,ea,245.0,AUD,sofas1.pdf,3,OK,
S31,Sofas,25-S31 $sofa 3 seats 260*110*76 70 fabric+3350High-density High-resilience Foam 白色450 112*40*40 0.18 58.2 2,ea,516.0,AUD,sofas1.pdf,3,OK,
S32,Sofas,25-S32 $（100+140） 240*105*65 60 Corduroy Fabric+3350High-density High-resilience Foam 330 94*27*27+ 100*33*33 0.18 38.7 1,ea,245.0,AUD,sofas1.pdf,3,OK,
S33,Sofas,25-S33 $sofa 2 seats 190*110*75 55 Knitted Stretch Fabric+High-density High-resilience Foam 980 121*42*42 0.21 48 1,ea,590.0,AUD,sofas1.pdf,3,OK,
S34,Sofas,25-S34 $sofa 1 seat 130*123*53 70 Eco-friendly Anti- wrinkle Chenille Fabric+High-density High-resilience Foam 330 130*29*29 0.10 24.3 1,ea,363.0,AUD,sofas1.pdf,3,OK,
S36,Sofas,25-S36 $*115*71 After Folding： 200*88*71 67 S646-9 Anti-Wrinkle Silver Thread Chenille Fabric+3350High-density High-resilience Foam 360 112*40*40 0.18 30 1,ea,230.0,AUD,sofas1.pdf,4,OK,
S37,Sofas,25-S37 $sofa 1 seat 100*120*92 50 Stretch Fabri）+High- density High-resilience Foam 400 125*35*35 0.15 33 1,ea,244.0,AUD,sofas1.pdf,4,OK,
S39,Sofas,25-S39 $sofa 4 seats 306*170*64 143 S644-9 Eco Anti-Wrinkle Corduroy Fabric+3350High-density High-resilience Foam 400 158*38*38 *2 0.68 101 2,ea,516.0,AUD,sofas1.pdf,4,OK,
S42,Sofas,25-S42 $sofa 3 seats 286*106*63 70 Eco Anti-Wrinkle Flannel+3350High- density High-resilience Foam 400 115*33*33 0.25 60 2,ea,364.0,AUD,sofas1.pdf,4,OK,
S44,Sofas,25-S44 $sofa 3 seats+lounge 360*178/95*6 5 3350High-density High- resilience Foam 436 117*33*33 *2+87*31* 31 0.40 68 2,ea,481.0,AUD,sofas1.pdf,4,OK,
S45,Sofas,25-S45 $sofa 4 seats 270*178/95*6 5 69 Eco Anti-Wrinkle Corduroy Fabric+3350High-density High-resilience Foam 400 117*33*33 0.25 58 2,ea,364.0,AUD,sofas1.pdf,4,OK,
S46,Sofas,25-S46 $sofa 2 seats 200*100*75 0326-26 3350High-density High- resilience Foam Cotton and Linen 115*35*35 0.14 35.7 1,ea,256.0,AUD,sofas1.pdf,4,OK,
S48,Sofas,25-S48 $sofa 4 seats 300*105*70 70 Knitted Stretch Fabric+High-density High-resilience Foam 980 130*36*36 *2 0.29 58 2,ea,485.0,AUD,sofas1.pdf,5,OK,
SC-231,Sofas,SC-231 1920*830*850 poe,ea,478.0,AUD,Sofas.pdf,1,OK,
SC-2316,Sofas,SC-2316 | | Dibba os 1010*820* 850 1880*820*850,ea,573.0,AUD,Sofas.pdf,1,OK,
SC-2318,Sofas,SC-2318 a | 840*840*850 1850*840*850 | me,ea,420.0,AUD,Sofas.pdf,1,OK,
SC-23512,Sofas,SC-23512 .. ii = 1000* 860* 890 2000* 860* 890 | 8] te,ea,535.0,AUD,Sofas.pdf,1,OK,
SC-238,Sofas,"SC-238 dart , 940*820*820 1950*820*820 pepe",ea,535.0,AUD,Sofas.pdf,1,OK,
BC 4,Uncategorised,TB L- 4 03 s ea ts P ro du c t N a me : As s em b l e d o n s it e T BC 4,ea,4608.9,AUD,brisbane.Olympic-Co_Furniture Schedule (B)-2025.11.pdf,5,OK,
GST 0,Uncategorised,GST 0%) «,ea,5778.5,AUD,TCD - LSFRM-03456.pdf,1,OK,
PT01,Uncategorised,PT01 | Floor planter — tall 1,ea,380.0,AUD,"TCD_L4,1_WilliamST_QUOTE.pdf",1,OK,
TA04,Uncategorised,TA04 |6-p Humla style meeting table — 1800x1100,ea,2250.0,AUD,"TCD_L4,1_WilliamST_QUOTE.pdf",1,OK,
TA06,Uncategorised,TA06 | Dining / breakout table — 1800x1100 2,ea,1450.0,AUD,"TCD_L4,1_WilliamST_QUOTE.pdf",1,OK,
TAO2,Uncategorised,TAO2 | 10-p Humla style meeting table — 2800x1800 1,ea,3400.0,AUD,"TCD_L4,1_WilliamST_QUOTE.pdf",1,OK,
TAO3,Uncategorised,TAO3 | Occasional side table — round 2 ;,ea,720.0,AUD,"TCD_L4,1_WilliamST_QUOTE.pdf",1,OK,
TAO7,Uncategorised,"TAO7 Large drum dining table — 01400 1,",ea,2850.0,AUD,"TCD_L4,1_WilliamST_QUOTE.pdf",1,OK,
V 4,Uncategorised,Le g s / Ba se : V 4 4 N oi r S ab le,ea,1043.3,AUD,brisbane.Olympic-Co_Furniture Schedule (B)-2025.11.pdf,1,OK,
A-201,Chairs,A-201 black High-quality mesh fabric + high-density foam + PP + metal 71*54*62 2piece per carton,ea,,AUD,chairs.pdf,15,REVIEW_REQUIRED,MULTIPLE_PRICES_OR_CURRENCIES
A-202,Chairs,A-202 black High-quality mesh fabric + high-density foam + PP + metal 71*54*62 2piece per carton,ea,,AUD,chairs.pdf,15,REVIEW_REQUIRED,MULTIPLE_PRICES_OR_CURRENCIES
A-203,Chairs,A-203 black High-quality mesh fabric + high-density foam + PP + metal 67*54*62 2piece per carton,ea,,AUD,chairs.pdf,15,REVIEW_REQUIRED,MULTIPLE_PRICES_OR_CURRENCIES
A-205,Chairs,A-205 black High-quality mesh fabric + high-density foam + PP + metal 71*54*62 2piece per carton,ea,,AUD,chairs.pdf,16,REVIEW_REQUIRED,MULTIPLE_PRICES_OR_CURRENCIES
A-206,Chairs,A-206 black High-quality mesh fabric + high-density foam + PP + metal 67*54*62 2piece per carton,ea,,AUD,chairs.pdf,16,REVIEW_REQUIRED,MULTIPLE_PRICES_OR_CURRENCIES
A-207,Chairs,A-207 black High-quality mesh fabric + high-density foam + PP + metal 67*54*62 2piece per carton,ea,,AUD,chairs.pdf,16,REVIEW_REQUIRED,MULTIPLE_PRICES_OR_CURRENCIES
A-208,Chairs,A-208 black High-quality mesh fabric + high-density foam + PP + metal 71*57*62 2piece per carton,ea,,AUD,chairs.pdf,16,REVIEW_REQUIRED,MULTIPLE_PRICES_OR_CURRENCIES
A-209,Chairs,A-209 black High-quality mesh fabric + high-density foam + PP + metal 71*59*62 2piece per carton,ea,,AUD,chairs.pdf,17,REVIEW_REQUIRED,MULTIPLE_PRICES_OR_CURRENCIES
A-285,Chairs,A-285 black High-quality mesh fabric + high-density foam + PP + metal 70*50*60 2piece per carton 11.5,ea,,AUD,chairs.pdf,27,REVIEW_REQUIRED,SUSPECT_LOW_PRICE_LT_100
A-285-1,Chairs,A-285-1 black High-quality mesh fabric + high-density foam + PP + metal 70*50*65 2piece per carton 12,ea,,AUD,chairs.pdf,27,REVIEW_REQUIRED,SUSPECT_LOW_PRICE_LT_100
A002,Chairs,A002 black frame High-quality mesh fabric + high-density foam + PP + metal Height45 *seat depth50 *seat width50 *chair depth64 *chair width57 *Chair Back Height78 *Floor to Seat Height44-52 *Floor to Chair 72*54*58.5 2pi,ea,,AUD,chairs.pdf,24,REVIEW_REQUIRED,SUSPECT_LOW_PRICE_LT_100
A060,Chairs,A060 black frame High-quality mesh fabric + high-density foam + PP + metal Back Height101.5 47-57*58*106-116 65*50*59 2piece per carton 21.3kg,ea,,AUD,chairs.pdf,18,REVIEW_REQUIRED,MULTIPLE_PRICES_OR_CURRENCIES
A1068,Chairs,A1068 black leg High-quality mesh fabric + high-density foam + PP + metal *sHeeaitgh td4e2pt-h5512 *seat width50 *chair depth70 *chair width60 *Chair Back Height （to the headrest） 88 *Floor to Seat 92*40*63 1piece per ca,ea,,AUD,chairs.pdf,17,REVIEW_REQUIRED,SUSPECT_LOW_PRICE_LT_100
A1069,Chairs,A1069 black frame High-quality mesh fabric + high-density foam + PP + metal *seat depth52 *seat width50 *chair depth70 *chair width60 *Chair Back Height （to the headrest） 88 *Floor to Seat 92*40*63 1piece per carton 17.3,ea,,AUD,chairs.pdf,17,REVIEW_REQUIRED,SUSPECT_LOW_PRICE_LT_100
A222,Chairs,A222 PU leather High-quality PU leather (genuine leather）+ high- density sponge+Doll Sponge+ Wooden Inner Frame + metal legs black grey black grey 115*74*76 L-shaped cardboard box/1 piece per carton 2pieceputcartonsize a,ea,,AUD,chairs.pdf,4,REVIEW_REQUIRED,MULTIPLE_PRICES_OR_CURRENCIES
A2313,Chairs,A2313 Electric Scratch- resistantPU High-Quality genuine leather/ PU leather+ shaping sponge+ Wooden Inner Frame + metal legs Off-white drak grey black 115*78*77 1 piece per carton 45kg,ea,,AUD,chairs.pdf,2,REVIEW_REQUIRED,MULTIPLE_PRICES_OR_CURRENCIES
A2320,Chairs,A2320 Manual Adjustment High-quality High-Quality Eco-Friendly Leather/genuine leather+ high-density sponge+Doll Sponge+ Wooden Inner Frame + metal legs greywhite Khaki color black 115*78*77 1 piece per carton 42kg,ea,,AUD,chairs.pdf,2,REVIEW_REQUIRED,MULTIPLE_PRICES_OR_CURRENCIES
A2327,Chairs,A2327 Manual Adjustment High-quality High-Quality Eco-Friendly Leather/genuine leather+ high-density sponge+Doll Sponge+ Wooden Inner Frame + metal legs greywhite Khaki color black 118*83*81 1 piece per carton,ea,,AUD,chairs.pdf,3,REVIEW_REQUIRED,MULTIPLE_PRICES_OR_CURRENCIES
A2331,Chairs,A2331 Manual Adjustment High-quality High-Quality Eco-Friendly Leather/genuine leather+ high-density sponge+Doll Sponge+ Wooden Inner Frame + metal legs greywhite Khaki color black 118*83*81 1 piece per carton,ea,,AUD,chairs.pdf,2,REVIEW_REQUIRED,MULTIPLE_PRICES_OR_CURRENCIES
A2501,Chairs,A2501 black frameblack mesh High-quality mesh fabric + high-density foam + PP + metal 70*59*60 2piece per carton 9.95KG,ea,,AUD,chairs.pdf,27,REVIEW_REQUIRED,SUSPECT_LOW_PRICE_LT_100
A28,Chairs,A28 grey grey frame blue s High-quality mesh fabric + high-density foam + PP + metal 75*51*64 2piece per carton,ea,,AUD,chairs.pdf,23,REVIEW_REQUIRED,SUSPECT_LOW_PRICE_LT_100
A3014-V,Chairs,A3014-V black frame With Seat Shell High-quality mesh fabric + high-density foam + PP + metal 74*61*64 3piece per carton,ea,,AUD,chairs.pdf,25,REVIEW_REQUIRED,SUSPECT_LOW_PRICE_LT_100
A502,Chairs,A502 Electric genuine leather High-Quality genuine leather/ PU leather+ shaping sponge+ Wooden Inner Frame + metal legs grey Khaki color black 115*78*77 1 piece per carton 40KG,ea,,AUD,chairs.pdf,2,REVIEW_REQUIRED,MULTIPLE_PRICES_OR_CURRENCIES
A858,Chairs,A858 black frame High-quality mesh fabric + high-density foam + PP + metal *seat depth50 *seat width48 *Chair Back Height79 *Floor to Seat Height45-55 *Floor to Chair Back Height118-128 65*50*59 2piece per carton 21.3kg,ea,,AUD,chairs.pdf,18,REVIEW_REQUIRED,SUSPECT_LOW_PRICE_LT_100
B-201,Chairs,B-201 black High-quality mesh fabric + high-density foam + PP + metal 71*54*62 2piece per carton,ea,,AUD,chairs.pdf,15,REVIEW_REQUIRED,MULTIPLE_PRICES_OR_CURRENCIES
B-202,Chairs,B-202 black High-quality mesh fabric + high-density foam + PP + metal 71*54*62 2piece per carton,ea,,AUD,chairs.pdf,15,REVIEW_REQUIRED,MULTIPLE_PRICES_OR_CURRENCIES
B-203,Chairs,B-203 black High-quality mesh fabric + high-density foam + PP + metal 67*54*62 2piece per carton,ea,,AUD,chairs.pdf,15,REVIEW_REQUIRED,MULTIPLE_PRICES_OR_CURRENCIES
B-206,Chairs,B-206 black High-quality mesh fabric + high-density foam + PP + metal 67*54*62 2piece per carton,ea,,AUD,chairs.pdf,16,REVIEW_REQUIRED,MULTIPLE_PRICES_OR_CURRENCIES
B-207,Chairs,B-207 black High-quality mesh fabric + high-density foam + PP + metal 67*54*62 2piece per carton,ea,,AUD,chairs.pdf,16,REVIEW_REQUIRED,MULTIPLE_PRICES_OR_CURRENCIES
B-208,Chairs,B-208 black High-quality mesh fabric + high-density foam + PP + metal 71*57*62 2piece per carton,ea,,AUD,chairs.pdf,17,REVIEW_REQUIRED,MULTIPLE_PRICES_OR_CURRENCIES
B-209,Chairs,B-209 black High-quality mesh fabric + high-density foam + PP + metal 71*59*62 2piece per carton,ea,,AUD,chairs.pdf,17,REVIEW_REQUIRED,MULTIPLE_PRICES_OR_CURRENCIES
B-285,Chairs,B-285 black High-quality mesh fabric + high-density foam + PP + metal 70*50*60 2piece per carton 11,ea,,AUD,chairs.pdf,27,REVIEW_REQUIRED,SUSPECT_LOW_PRICE_LT_100
B-285-1,Chairs,B-285-1 black High-quality mesh fabric + high-density foam + PP + metal 70*50*65 2piece per carton 11.2,ea,,AUD,chairs.pdf,28,REVIEW_REQUIRED,SUSPECT_LOW_PRICE_LT_100
B002,Chairs,B002 black frame High-quality mesh fabric + high-density foam + PP + metal *seat depth50 *seat width50 *chair depth64 *chair width57 *Chair Back Height59 *Floor to Seat Height44-52 72*60*48 2piece per carton 10kg,ea,,AUD,chairs.pdf,24,REVIEW_REQUIRED,SUSPECT_LOW_PRICE_LT_100
B060,Chairs,B060 black frame High-quality mesh fabric + high-density foam + PP + metal 47-57*58*97-107 65*50*59 2piece per carton 21.3kg,ea,,AUD,chairs.pdf,18,REVIEW_REQUIRED,MULTIPLE_PRICES_OR_CURRENCIES
B10,Chairs,B10 black frame High-quality mesh fabric + high-density foam + PP + metal 74*55*63 2piece per carton,ea,,AUD,chairs.pdf,25,REVIEW_REQUIRED,SUSPECT_LOW_PRICE_LT_100
B207,Chairs,B207 black frame High-quality mesh fabric + high-density foam + PP + metal *seat depth50 *seat width50 *chair depth60 *chair width61 *Chair Back Height60 *Floor to Seat Height44-56 *Floor to Chair 67*50*58 两piece per car,ea,,AUD,chairs.pdf,24,REVIEW_REQUIRED,MULTIPLE_PRICES_OR_CURRENCIES
B2501,Chairs,B2501 framegrey black frameblack mesh High-quality mesh fabric + high-density foam + PP + metal 70*59*60 2piece per carton 9.45KG,ea,,AUD,chairs.pdf,27,REVIEW_REQUIRED,SUSPECT_LOW_PRICE_LT_100
B28,Chairs,B28 grey grey frame blue s High-quality mesh fabric + high-density foam + PP + metal 75*51*64 2piece per carton,ea,,AUD,chairs.pdf,23,REVIEW_REQUIRED,SUSPECT_LOW_PRICE_LT_100
B3002,Chairs,B3002 black frame With Seat Shell High-quality mesh fabric + high-density foam + PP + metal 74*61*64 3piece per carton,ea,,AUD,chairs.pdf,26,REVIEW_REQUIRED,SUSPECT_LOW_PRICE_LT_100
B3014-V,Chairs,B3014-V black frame With Seat Shell High-quality mesh fabric + high-density foam + PP + metal 74*61*64 3piece per carton,ea,,AUD,chairs.pdf,25,REVIEW_REQUIRED,SUSPECT_LOW_PRICE_LT_100
B33,Chairs,B33 black High-quality mesh fabric + high-density foam + PP + metal 75*51*64 2piece per carton,ea,,AUD,chairs.pdf,24,REVIEW_REQUIRED,SUSPECT_LOW_PRICE_LT_100
B4003,Chairs,B4003 black frame High-quality mesh fabric + high-density foam + PP + metal 74*61*64 3piece per carton,ea,,AUD,chairs.pdf,25,REVIEW_REQUIRED,SUSPECT_LOW_PRICE_LT_100
B855,Chairs,B855 black frame High-quality mesh fabric + high-density foam + PP + metal 5个两箱靠背 配件、坐垫分 开装 8.4kg,ea,,AUD,chairs.pdf,18,REVIEW_REQUIRED,SUSPECT_LOW_PRICE_LT_100
B856,Chairs,B856 black frame High-quality mesh fabric + high-density foam + PP + metal Back Height93-101 72*54*58.5 2piece per carton 9.2kg,ea,,AUD,chairs.pdf,21,REVIEW_REQUIRED,MULTIPLE_PRICES_OR_CURRENCIES
B858,Chairs,B858 black frame High-quality mesh fabric + high-density foam + PP + metal *seat depth50 *seat width48 *Chair Back Height59 *Floor to Seat Height45-55 *Floor to Chair Back Height101-111 65*50*59 2piece per carton 21.3kg,ea,,AUD,chairs.pdf,18,REVIEW_REQUIRED,SUSPECT_LOW_PRICE_LT_100
C-203,Chairs,C-203 black High-quality mesh fabric + high-density foam + PP + metal 62*54*53 4piece per carton,ea,,AUD,chairs.pdf,15,REVIEW_REQUIRED,MULTIPLE_PRICES_OR_CURRENCIES
C-205,Chairs,C-205 black High-quality mesh fabric + high-density foam + PP + metal 71*54*62 2piece per carton,ea,,AUD,chairs.pdf,16,REVIEW_REQUIRED,MULTIPLE_PRICES_OR_CURRENCIES
C-206,Chairs,C-206 black High-quality mesh fabric + high-density foam + PP + metal 62*54*53 2piece per carton,ea,,AUD,chairs.pdf,16,REVIEW_REQUIRED,MULTIPLE_PRICES_OR_CURRENCIES
C-207,Chairs,C-207 black High-quality mesh fabric + high-density foam + PP + metal 67*54*62 2piece per carton,ea,,AUD,chairs.pdf,16,REVIEW_REQUIRED,MULTIPLE_PRICES_OR_CURRENCIES
C-285,Chairs,C-285 black High-quality mesh fabric + high-density foam + PP + metal 70*50*60 2piece per carton 10.9,ea,,AUD,chairs.pdf,27,REVIEW_REQUIRED,SUSPECT_LOW_PRICE_LT_100
C-285-1,Chairs,C-285-1 black High-quality mesh fabric + high-density foam + PP + metal 70*50*65 2piece per carton 10.8,ea,,AUD,chairs.pdf,28,REVIEW_REQUIRED,SUSPECT_LOW_PRICE_LT_100
C2501,Chairs,C2501 black frameblack mesh High-quality mesh fabric + high-density foam + PP + metal 70*59*60 2piece per carton 8.9KG,ea,,AUD,chairs.pdf,27,REVIEW_REQUIRED,SUSPECT_LOW_PRICE_LT_100
C28,Chairs,C28 grey grey frame blue s High-quality mesh fabric + high-density foam + PP + metal 75*51*64 2piece per carton,ea,,AUD,chairs.pdf,24,REVIEW_REQUIRED,SUSPECT_LOW_PRICE_LT_100
D-201,Chairs,D-201 black High-quality mesh fabric + high-density foam + PP + metal 86*60*58 4piece per carton,ea,,AUD,chairs.pdf,15,REVIEW_REQUIRED,MULTIPLE_PRICES_OR_CURRENCIES
D-202,Chairs,D-202 black High-quality mesh fabric + high-density foam + PP + metal 82*60*58.5 4piece per carton,ea,,AUD,chairs.pdf,15,REVIEW_REQUIRED,MULTIPLE_PRICES_OR_CURRENCIES
D002,Chairs,D002 black frame High-quality mesh fabric + high-density foam + PP + metal *Floor to Chair *seat depth49 *seat width47 *chair depth59 *chair width57 *Floor to Seat Height47 *Floor to Chair Back Height103 86*66*58 4piece ,ea,,AUD,chairs.pdf,24,REVIEW_REQUIRED,SUSPECT_LOW_PRICE_LT_100
D060,Chairs,D060 grey frame High-quality mesh fabric + high-density foam + PP + metal 62*50*51 57*58*97 2piece per carton 20.65kg,ea,,AUD,chairs.pdf,18,REVIEW_REQUIRED,MULTIPLE_PRICES_OR_CURRENCIES
D10,Chairs,D10 black frame High-quality mesh fabric + high-density foam + PP + metal 74*55*63 2piece per carton,ea,,AUD,chairs.pdf,25,REVIEW_REQUIRED,SUSPECT_LOW_PRICE_LT_100
D139,Chairs,D139 Board+55 plastic black blackWriting Board+11$ High-quality mesh fabric + high-density foam + PP + metal 99*29*63 2piece per carton,ea,,AUD,chairs.pdf,26,REVIEW_REQUIRED,MULTIPLE_PRICES_OR_CURRENCIES
D164,Chairs,D164 black frameWith Writi n High-quality mesh fabric + high-density foam + PP + metal 99*29*63 2piece per carton,ea,,AUD,chairs.pdf,26;27,REVIEW_REQUIRED,MULTIPLE_PRICES_OR_CURRENCIES
D168,Chairs,D168 black frame with blackWriting Board+11$ High-quality mesh fabric + high-density foam + PP + metal 99*29*63 2piece per carton 17KGS,ea,,AUD,chairs.pdf,26,REVIEW_REQUIRED,SUSPECT_LOW_PRICE_LT_100
D180,Chairs,D180 black frame black Writing Board+11$ High-quality mesh fabric + high-density foam + PP + metal 102*37*62 2piece per carton 18.65KGS,ea,,AUD,chairs.pdf,26,REVIEW_REQUIRED,MULTIPLE_PRICES_OR_CURRENCIES
D188,Chairs,D188 g black frame High-quality mesh fabric + high-density foam + PP + metal 86*66*58 4piece per carton 8.25kg,ea,,AUD,chairs.pdf,21,REVIEW_REQUIRED,SUSPECT_LOW_PRICE_LT_100
D207B,Chairs,D207B black frame Bac*kse aHtei gdhetp9t5h5-0107 *seat width50 *chair depth55 *chair width57 *Chair Back Height43 *Floor to Seat 95*65*57 5piece per carton 8.4kg,ea,,AUD,chairs.pdf,24,REVIEW_REQUIRED,SUSPECT_LOW_PRICE_LT_100
D208,Chairs,D208 PU leather High-quality PU leather + high-density sponge+ Wooden Inner Frame + metal legs black grey coffee 80*68*57 4 pieces per carton 0.08m³/piece 9kg,ea,,AUD,chairs.pdf,10,REVIEW_REQUIRED,SUSPECT_LOW_PRICE_LT_100
D2203,Chairs,D2203 PU leather High-quality PU leather + high-density sponge+ Wooden Inner Frame + metal legs black grey 70*64*65 2 pieces per carton leg frame inside 0.15m³/piece 14kg,ea,,AUD,chairs.pdf,5,REVIEW_REQUIRED,SUSPECT_LOW_PRICE_LT_100
D2205,Chairs,D2205 PU leather High-quality PU leather + high-density sponge+ Wooden Inner Frame + metal legs black grey 70*64*65 2 pieces per carton leg frame inside 0.15m³/piece 15kg,ea,,AUD,chairs.pdf,5,REVIEW_REQUIRED,SUSPECT_LOW_PRICE_LT_100
D4003,Chairs,D4003 black frame High-quality mesh fabric + high-density foam + PP + metal 74*61*64 3piece per carton leg inside,ea,,AUD,chairs.pdf,25,REVIEW_REQUIRED,SUSPECT_LOW_PRICE_LT_100
D778,Chairs,D778 black frame High-quality mesh fabric + high-density foam + PP + metal *seat depth48 *seat width49 *Chair Back Height59 *Floor to Seat Height45 *Floor to Chair 57*58*97 6piece per carton 0.39方 42.1kg,ea,,AUD,chairs.pdf,17;18,REVIEW_REQUIRED,MULTIPLE_PRICES_OR_CURRENCIES
D8068,Chairs,D8068 PU leather High-quality PU leather + high-density sponge+ Wooden Inner Frame + metal legs black grey coffee 110*80*52 4 pieces per carton leg frame individually packaged 0.13m³/piece 16kg,ea,,AUD,chairs.pdf,9,REVIEW_REQUIRED,SUSPECT_LOW_PRICE_LT_100
D855,Chairs,D855 black frame High-quality mesh fabric + high-density foam + PP + metal *seat depth50 *seat width48 *Chair Back Height59 *Floor to Seat Height44 *Floor to Chair 82*60*60 6piece per carton 8.4kg,ea,,AUD,chairs.pdf,18,REVIEW_REQUIRED,SUSPECT_LOW_PRICE_LT_100
D856,Chairs,D856 black frame High-quality mesh fabric + high-density foam + PP + metal *seat depth48.5 *seat width47 *chair depth51 *chair width52 *Chair Back Height68 *Floor to Seat Height45 57*58*97 6piece per carton 0.39方 40kg,ea,,AUD,chairs.pdf,21,REVIEW_REQUIRED,MULTIPLE_PRICES_OR_CURRENCIES
D858,Chairs,D858 black frame High-quality mesh fabric + high-density foam + PP + metal *seat depth50 *seat width48 *Chair Back Height59 *Floor to Seat Height44 *Floor to Chair Back Height101 5piece per carton 82*60*60 8.4kg,ea,,AUD,chairs.pdf,18,REVIEW_REQUIRED,SUSPECT_LOW_PRICE_LT_100
D866,Chairs,D866 PU leather High-quality PU leather + high-density sponge+ Wooden Inner Frame + metal legs black grey 110*80*52 4 pieces per carton leg frame individually packaged 0.13m³/piece 15kg,ea,,AUD,chairs.pdf,10,REVIEW_REQUIRED,SUSPECT_LOW_PRICE_LT_100
D867,Chairs,D867 PU leather High-quality PU leather + high-density sponge+ Wooden Inner Frame + metal legs black grey 110*80*52 4 pieces per carton leg frame individually packaged 0.13m³/piece 15kg,ea,,AUD,chairs.pdf,10,REVIEW_REQUIRED,SUSPECT_LOW_PRICE_LT_100
J153A,Chairs,J153A black frame High-quality mesh fabric + high-density foam + PP + metal Height45 *seat depth52 *seat width50 *chair depth64 *Chair Back Height74(加头枕） *Floor to Seat Height42-50 83*65*56 2piece per carton 10.5kg,ea,,AUD,chairs.pdf,20,REVIEW_REQUIRED,SUSPECT_LOW_PRICE_LT_100
J153B,Chairs,J153B black frame High-quality mesh fabric + high-density foam + PP + metal *seat depth52 *seat width50 *chair depth64 *Chair Back Height55 *Floor to Seat Height42-50 *Floor to Chair 83*65*56 2piece per carton 9.5kg,ea,,AUD,chairs.pdf,21,REVIEW_REQUIRED,SUSPECT_LOW_PRICE_LT_100
J161B,Chairs,J161B black frame High-quality mesh fabric + high-density foam + PP + metal *seat depth53 *seat width50 *chair depth66 *chair width60 *Chair Back Height67 *Floor to Seat Height40-49 72*54*58.5 2piece per carton 12.2kg,ea,,AUD,chairs.pdf,20,REVIEW_REQUIRED,MULTIPLE_PRICES_OR_CURRENCIES
J161C,Chairs,J161C black frame High-quality mesh fabric + high-density foam + PP + metal *F*lsoeoart dteop tChh5a1ir *seat width50 *chair depth64 *chair width60 *Chair Back Height60 *Floor to Seat 86*66*58 4piece per carton 10.5kg,ea,,AUD,chairs.pdf,20,REVIEW_REQUIRED,MULTIPLE_PRICES_OR_CURRENCIES
J163A,Chairs,J163A Hollow Seat with Footrest black frameblack mesh High-quality mesh fabric + high-density foam + PP + metal 78*36*63 1piece per cartonleg inside,ea,,AUD,chairs.pdf,19;20,REVIEW_REQUIRED,MULTIPLE_PRICES_OR_CURRENCIES
J163C,Chairs,J163C black frame High-quality mesh fabric + high-density foam + PP + metal 108*66*70*4 8cm 1piece per cartonleg inside,ea,,AUD,chairs.pdf,19,REVIEW_REQUIRED,SUSPECT_LOW_PRICE_LT_100
J165B,Chairs,J165B black frame High-quality mesh fabric + high-density foam + PP + metal Height45 *seat depth50 *seat width50 *chair depth70 *chair width59 *Chair Back Height69 *Floor to Seat 72*60*48 2piece per carton 12kg,ea,,AUD,chairs.pdf,20,REVIEW_REQUIRED,MULTIPLE_PRICES_OR_CURRENCIES
J165C,Chairs,J165C black frame High-quality mesh fabric + high-density foam + PP + metal Height40-49 *seat depth50 *seat width48 *chair depth60 *chair width60 *Chair Back Height69 *Floor to Seat 93*72*61 5piece per carton 10.5kg,ea,,AUD,chairs.pdf,20,REVIEW_REQUIRED,MULTIPLE_PRICES_OR_CURRENCIES
J183,Chairs,J183 black frameblack mesh With Wi out Writing B o High-quality mesh fabric + high-density foam + PP + metal 101*42*62cm 2piece per cartonAlrea dy installed,ea,,AUD,chairs.pdf,21,REVIEW_REQUIRED,MULTIPLE_PRICES_OR_CURRENCIES
J185B,Chairs,J185B gre black frame High-quality mesh fabric + high-density foam + PP + metal 65*50*59 2piece per carton 21.3kg,ea,,AUD,chairs.pdf,21,REVIEW_REQUIRED,SUSPECT_LOW_PRICE_LT_100
J186B,Chairs,J186B gre black frame High-quality mesh fabric + high-density foam + PP + metal 65*50*59 2piece per carton 21.3kg,ea,,AUD,chairs.pdf,21,REVIEW_REQUIRED,MULTIPLE_PRICES_OR_CURRENCIES
J186C,Chairs,J186C gre gray black frame High-quality mesh fabric + high-density foam + PP + metal *seat depth50 *seat width48 *Chair Back Height59 *Floor to Seat Height44 *Floor to Chair Back Height101 86*66*58 4piece per carton 8.25,ea,,AUD,chairs.pdf,21,REVIEW_REQUIRED,MULTIPLE_PRICES_OR_CURRENCIES
J187C,Chairs,J187C black black High-quality mesh fabric + high-density foam + PP + metal 68*68*53cm 4piece per cartonleg inside,ea,,AUD,chairs.pdf,21,REVIEW_REQUIRED,SUSPECT_LOW_PRICE_LT_100
J192A,Chairs,J192A Hollow Seat with Footrest black framegrey mesh High-quality mesh fabric + high-density foam + PP + metal 77*41*62cm 1piece per cartonleg inside,ea,,AUD,chairs.pdf,20,REVIEW_REQUIRED,MULTIPLE_PRICES_OR_CURRENCIES
J195B,Chairs,J195B black frame High-quality mesh fabric + high-density foam + PP + metal 72*60*60cm 2piece per carton 0.23,ea,,AUD,chairs.pdf,19,REVIEW_REQUIRED,SUSPECT_LOW_PRICE_LT_100
J195C,Chairs,J195C black frame High-quality mesh fabric + high-density foam + PP + metal 92*75*57. 4piece per carton 9.1KG,ea,,AUD,chairs.pdf,19,REVIEW_REQUIRED,SUSPECT_LOW_PRICE_LT_100
J196B,Chairs,J196B black frameblack mesh High-quality mesh fabric + high-density foam + PP + metal 72*60*60cm 2piece per carton 0.23,ea,,AUD,chairs.pdf,19,REVIEW_REQUIRED,MULTIPLE_PRICES_OR_CURRENCIES
J196C,Chairs,J196C black frameblack mesh High-quality mesh fabric + high-density foam + PP + metal,ea,,AUD,chairs.pdf,19,REVIEW_REQUIRED,SUSPECT_LOW_PRICE_LT_100
J198,Chairs,J198 black High-quality mesh fabric + high-density foam + PP + metal 94*60*52cm 6piece per cartonleg inside,ea,,AUD,chairs.pdf,22,REVIEW_REQUIRED,MULTIPLE_PRICES_OR_CURRENCIES
J199A,Chairs,J199A 低配 black frameblack mesh Fixed ArmreShell High-quality mesh fabric + high-density foam + PP + metal 77*41*62cm 1piece per carton leg inside,ea,,AUD,chairs.pdf,20,REVIEW_REQUIRED,MULTIPLE_PRICES_OR_CURRENCIES
K777A-LP,Chairs,K777A-LP black frame High-quality mesh fabric + high-density foam + PP + metal 70*57*61cm 2piece per carton 15.7KGS,ea,,AUD,chairs.pdf,23,REVIEW_REQUIRED,SUSPECT_LOW_PRICE_LT_100
K777B-LP,Chairs,K777B-LP black frame High-quality mesh fabric + high-density foam + PP + metal 70*57*61cm 2piece per carton 15KGS,ea,,AUD,chairs.pdf,23,REVIEW_REQUIRED,SUSPECT_LOW_PRICE_LT_100
K777C-LP,Chairs,K777C-LP black frame High-quality mesh fabric + high-density foam + PP + metal 70*57*61cm 2piece per carton 15KGS,ea,,AUD,chairs.pdf,23,REVIEW_REQUIRED,SUSPECT_LOW_PRICE_LT_100
KL-333B,Chairs,KL-333B black frame High-quality mesh fabric + high-density foam + PP + metal 73*64*62cm 2piece per carton 15kg,ea,,AUD,chairs.pdf,22,REVIEW_REQUIRED,SUSPECT_LOW_PRICE_LT_100
KL-333C,Chairs,KL-333C black frame High-quality mesh fabric + high-density foam + PP + metal 73*64*62cm 2piece per carton 14.5kg,ea,,AUD,chairs.pdf,22,REVIEW_REQUIRED,SUSPECT_LOW_PRICE_LT_100
KL-773,Chairs,KL-773 metal leg+10元 black frame High-quality mesh fabric + high-density foam + PP + metal 80*40*64MM 1piece per carton 16.75KG,ea,,AUD,chairs.pdf,22,REVIEW_REQUIRED,MULTIPLE_PRICES_OR_CURRENCIES
KL-777A-LP,Chairs,KL-777A-LP black frame High-quality mesh fabric + high-density foam + PP + metal 70*57*61cm 2piece per carton 15.95KGS,ea,,AUD,chairs.pdf,23,REVIEW_REQUIRED,SUSPECT_LOW_PRICE_LT_100
KL-777B-LP,Chairs,KL-777B-LP black frame High-quality mesh fabric + high-density foam + PP + metal 70*57*61cm 2piece per carton 15.5KGS,ea,,AUD,chairs.pdf,23,REVIEW_REQUIRED,SUSPECT_LOW_PRICE_LT_100
KL-777C-LP,Chairs,KL-777C-LP black frame High-quality mesh fabric + high-density foam + PP + metal 70*57*61cm 2piece per carton 13.6KGS,ea,,AUD,chairs.pdf,23,REVIEW_REQUIRED,SUSPECT_LOW_PRICE_LT_100
YZBA038,Chairs,YZBA038 black frame High-quality mesh fabric + high-density foam + PP + metal Height42-51 42-51*60*105-113 47-57*58 2piece per carton *106-116 21.3kg,ea,,AUD,chairs.pdf,17,REVIEW_REQUIRED,MULTIPLE_PRICES_OR_CURRENCIES
YZBB038,Chairs,YZBB038 black frame High-quality mesh fabric + high-density foam + PP + metal 42-51*60*96-104 65*50*59 2piece per carton 21.3kg,ea,,AUD,chairs.pdf,17,REVIEW_REQUIRED,MULTIPLE_PRICES_OR_CURRENCIES
YZBD038,Chairs,YZBD038 black frame High-quality mesh fabric + high-density foam + PP + metal *seat depth49 *seat width48 *Chair Back Height57 *Floor to Seat Height43 *Floor to Chair Back Height100 57*58*97 2piece per carton 20.65kg,ea,,AUD,chairs.pdf,17,REVIEW_REQUIRED,MULTIPLE_PRICES_OR_CURRENCIES
MG 0,Desks & Cabinets,MG 0 | BP Executive table | 2000Wx1900Dx750H os El grade MDF,ea,,AUD,Desk&Cabinets.pdf,1,REVIEW_REQUIRED,MULTIPLE_PRICES_OR_CURRENCIES
MG-03,Desks & Cabinets,MG-03 cabinet 1800W*400D*800H E1 grade melamine fiber board m³ 82KG,ea,,AUD,Desk&Cabinets.pdf;LiYu Furniture Quotation - 2025.pdf,1;12,REVIEW_REQUIRED,MULTIPLE_PRICES_OR_CURRENCIES
D0812,LiYu (Supplier),D0812 staff table (2-seat) Extended position 1400*1200*1005 E1 grade melamine fiber board m³ 80KG,ea,,AUD,LiYu Furniture Quotation - 2025.pdf,19;20,REVIEW_REQUIRED,MULTIPLE_PRICES_OR_CURRENCIES
E0,LiYu (Supplier),coffee table 1400*700*450 E0 grade high- m³ 75KG,ea,,AUD,LiYu Furniture Quotation - 2025.pdf,6;7,REVIEW_REQUIRED,MULTIPLE_PRICES_OR_CURRENCIES
E1,LiYu (Supplier),staff table (2-seat) Extended position 1200/1350*2120*75 0H E1 grade melamine fiber board+metal m³ 108 KG,ea,,AUD,LiYu Furniture Quotation - 2025.pdf,1;2;3;4;6;7;9;10;11;12;18;19;21;22;23,REVIEW_REQUIRED,MULTIPLE_PRICES_OR_CURRENCIES
FLHYZ-90,LiYu (Supplier),FLHYZ-90 Conference table W2800*D1200*H750 E1 grade MDF+ Desktop sticker wood veneer+metal m³ 121KG,ea,,AUD,LiYu Furniture Quotation - 2025.pdf,9,REVIEW_REQUIRED,MULTIPLE_PRICES_OR_CURRENCIES
FLHYZ-91,LiYu (Supplier),FLHYZ-91 Conference table W1800*D850*H750 E1 grade MDF+ Desktop sticker wood veneer+metal m³ 74KG,ea,,AUD,LiYu Furniture Quotation - 2025.pdf,9,REVIEW_REQUIRED,MULTIPLE_PRICES_OR_CURRENCIES
FLZYZ-80,LiYu (Supplier),FLZYZ-80 workstation W1500*D1400*H1100 （Including mobile cabinet） E1 grade melamine fiber board+metal m³ 118KG,ea,,AUD,LiYu Furniture Quotation - 2025.pdf,16,REVIEW_REQUIRED,MULTIPLE_PRICES_OR_CURRENCIES
FLZZ-103,LiYu (Supplier),FLZZ-103 executive table W1800*D1600*H750 E1 grade MDF+ E1 grade melamine fiber board m³ 108KG,ea,,AUD,LiYu Furniture Quotation - 2025.pdf,13,REVIEW_REQUIRED,MULTIPLE_PRICES_OR_CURRENCIES
FLZZ-70D,LiYu (Supplier),FLZZ-70D executive table W2800*D1800*H750 E1 grade melamine fiber board m³ 146KG,ea,,AUD,LiYu Furniture Quotation - 2025.pdf,15,REVIEW_REQUIRED,MULTIPLE_PRICES_OR_CURRENCIES
GH-01,LiYu (Supplier),GH-01 executive table 1800*1800*760 E1 grade MDF+ E1 grade melamine fiber board m³ 129KG,ea,,AUD,LiYu Furniture Quotation - 2025.pdf,5,REVIEW_REQUIRED,MULTIPLE_PRICES_OR_CURRENCIES
GH-02,LiYu (Supplier),GH-02 executive table 2000*1800*760 E1 grade MDF+ E1 grade melamine fiber board m³ 130KG,ea,,AUD,LiYu Furniture Quotation - 2025.pdf,7,REVIEW_REQUIRED,MULTIPLE_PRICES_OR_CURRENCIES
GH-04,LiYu (Supplier),GH-04 executive table 2000*1800*760 E1 grade MDF+ E1 grade melamine fiber board m³ 152.5KG,ea,,AUD,LiYu Furniture Quotation - 2025.pdf,7,REVIEW_REQUIRED,MULTIPLE_PRICES_OR_CURRENCIES
GH-05,LiYu (Supplier),GH-05 executive table 2000*1800*760 E1 grade MDF+ E1 grade melamine fiber board+metal m³ 126KG,ea,,AUD,LiYu Furniture Quotation - 2025.pdf,7,REVIEW_REQUIRED,MULTIPLE_PRICES_OR_CURRENCIES
MG-01,LiYu (Supplier),MG-01 executive table 3200W*2400D*750H E1 grade MDF+ E1 grade melamine fiber board m³ 310KG,ea,,AUD,LiYu Furniture Quotation - 2025.pdf,11;12,REVIEW_REQUIRED,MULTIPLE_PRICES_OR_CURRENCIES
MG-02,LiYu (Supplier),MG-02 filing cabinet 3800W*450D*2080H E1 grade MDF+ E1 grade melamine fiber board m³ 364KG,ea,,AUD,LiYu Furniture Quotation - 2025.pdf,12,REVIEW_REQUIRED,MULTIPLE_PRICES_OR_CURRENCIES
NK-8008,LiYu (Supplier),NK-8008 Conference table 4800*1500*750 E1 grade MDF+ Desktop sticker wood veneer m³ 385KG,ea,,AUD,LiYu Furniture Quotation - 2025.pdf,5,REVIEW_REQUIRED,MULTIPLE_PRICES_OR_CURRENCIES
QS-02A,LiYu (Supplier),QS-02A executive table 2200W*2100D*769H E1 grade MDF+ E1 grade melamine fiber board+PU leather m³ 183 KG,ea,,AUD,LiYu Furniture Quotation - 2025.pdf,10,REVIEW_REQUIRED,MULTIPLE_PRICES_OR_CURRENCIES
TES-001,LiYu (Supplier),TES-001 CE0 table 2600*1000*750 E0 grade high- density board + sticker wood veneer+stainle ss steel m³ 189KG,ea,,AUD,LiYu Furniture Quotation - 2025.pdf,6,REVIEW_REQUIRED,MULTIPLE_PRICES_OR_CURRENCIES
W1200,LiYu (Supplier),FLZZYZ- 74K staff table (2-seat) W1200*D1200*H750 (Excluding mobile cabinet and computer CPU rack) E1 grade melamine fiber board+metal m³ 41KG,ea,,AUD,LiYu Furniture Quotation - 2025.pdf,16;17,REVIEW_REQUIRED,MULTIPLE_PRICES_OR_CURRENCIES
W1500,LiYu (Supplier),FLZYZ- 80-2 workstation W1500*D1400*H1100 E1 grade melamine fiber board m³ 92KG,ea,,AUD,LiYu Furniture Quotation - 2025.pdf,16;18,REVIEW_REQUIRED,MULTIPLE_PRICES_OR_CURRENCIES
W1550,LiYu (Supplier),W1550*D1200*H750 melamine fiber m³ 92KG,ea,,AUD,LiYu Furniture Quotation - 2025.pdf,18,REVIEW_REQUIRED,MULTIPLE_PRICES_OR_CURRENCIES
W1600,LiYu (Supplier),manager table W1600*D1600*H750 E1 grade melamine fiber board+metal m³ 73KG,ea,,AUD,LiYu Furniture Quotation - 2025.pdf,13;14;15;16,REVIEW_REQUIRED,MULTIPLE_PRICES_OR_CURRENCIES
W1800,LiYu (Supplier),FLHYZ- 72-1 Conference table W1800*D880*H750 E1 grade melamine fiber board m³ 62.5KG,ea,,AUD,LiYu Furniture Quotation - 2025.pdf,9;13;14;15;16;17,REVIEW_REQUIRED,MULTIPLE_PRICES_OR_CURRENCIES
W2000,LiYu (Supplier),FLHYZ- W2000*D1000*H750 melamine fiber m³ 69KG,ea,,AUD,LiYu Furniture Quotation - 2025.pdf,8;9;13;14;15;16;17,REVIEW_REQUIRED,MULTIPLE_PRICES_OR_CURRENCIES
W2200,LiYu (Supplier),table W2200*D2000*H750 melamine fiber m³ 166KG,ea,,AUD,LiYu Furniture Quotation - 2025.pdf,8;13;14;15;16,REVIEW_REQUIRED,MULTIPLE_PRICES_OR_CURRENCIES
W2400,LiYu (Supplier),FLZZYZ- 74K1 staff table (4-seat) W2400*D1200*H750 (Excluding mobile cabinet and computer CPU rack) E1 grade melamine fiber board+metal m³ 73KG,ea,,AUD,LiYu Furniture Quotation - 2025.pdf,8;9;13;14;15;16;17,REVIEW_REQUIRED,MULTIPLE_PRICES_OR_CURRENCIES
W2600,LiYu (Supplier),W2600*D2000*H750 m³ 189KG,ea,,AUD,LiYu Furniture Quotation - 2025.pdf,8;13;15,REVIEW_REQUIRED,MULTIPLE_PRICES_OR_CURRENCIES
W2800,LiYu (Supplier),executive table W2800*D2000*H750 E1 grade MDF+ E1 grade melamine fiber board m³ 193KG,ea,,AUD,LiYu Furniture Quotation - 2025.pdf,8;9;13;14;15;17,REVIEW_REQUIRED,MULTIPLE_PRICES_OR_CURRENCIES
W3000,LiYu (Supplier),W3000*D2000*H750 board m³ 193KG,ea,,AUD,LiYu Furniture Quotation - 2025.pdf,8;13;15,REVIEW_REQUIRED,MULTIPLE_PRICES_OR_CURRENCIES
W3200,LiYu (Supplier),30w32 File cabinet W3200*D400*H2000 E1 grade melamine fiber board+glass m³ 250 KG,ea,,AUD,LiYu Furniture Quotation - 2025.pdf,8;9;10;14;15;17,REVIEW_REQUIRED,MULTIPLE_PRICES_OR_CURRENCIES
W3500,LiYu (Supplier),FLHYZ- 72-3 Conference table W3500*D1200*H750 E1 grade melamine fiber board m³ 148KG,ea,,AUD,LiYu Furniture Quotation - 2025.pdf,14;16,REVIEW_REQUIRED,MULTIPLE_PRICES_OR_CURRENCIES
W3600,LiYu (Supplier),FLZZYZ- 74K2 staff table (6-seat) W3600*D1200*H750 (Excluding mobile cabinet and computer CPU rack) E1 grade melamine fiber board+metal m³ 109KG,ea,,AUD,LiYu Furniture Quotation - 2025.pdf,9;16;17,REVIEW_REQUIRED,MULTIPLE_PRICES_OR_CURRENCIES
W4000,LiYu (Supplier),FLHYZ- Conference W4000*D1400*H750 m³ 184KG,ea,,AUD,LiYu Furniture Quotation - 2025.pdf,9;14;16,REVIEW_REQUIRED,MULTIPLE_PRICES_OR_CURRENCIES
W5000,LiYu (Supplier),FLHYZ- W5000*D1500*H750 melamine fiber m³ 230KG,ea,,AUD,LiYu Furniture Quotation - 2025.pdf,14;16,REVIEW_REQUIRED,MULTIPLE_PRICES_OR_CURRENCIES
W6000,LiYu (Supplier),W6000*D1600*H750 melamine fiber m³ 280KG,ea,,AUD,LiYu Furniture Quotation - 2025.pdf,14;16,REVIEW_REQUIRED,MULTIPLE_PRICES_OR_CURRENCIES
W800,LiYu (Supplier),cabinet W800*D400*H1200 melamine fiber m³ 42KG,ea,,AUD,LiYu Furniture Quotation - 2025.pdf,17,REVIEW_REQUIRED,MULTIPLE_PRICES_OR_CURRENCIES
ZB-01,LiYu (Supplier),ZB-01 executive table 2800*1000（2000） *760H E1 grade MDF+ E1 grade melamine fiber board+metal m³ 222 KG,ea,,AUD,LiYu Furniture Quotation - 2025.pdf,1,REVIEW_REQUIRED,MULTIPLE_PRICES_OR_CURRENCIES
ZB-02,LiYu (Supplier),ZB-02 executive table 2000*1800*760 E1 grade melamine fiber board+metal m³ 152 KG,ea,,AUD,LiYu Furniture Quotation - 2025.pdf,2,REVIEW_REQUIRED,MULTIPLE_PRICES_OR_CURRENCIES
ZB-04,LiYu (Supplier),ZB-04 executive table 2400*1000（2000） *760H E1 grade MDF+ E1 grade melamine fiber board+metal m³ 200 KG,ea,,AUD,LiYu Furniture Quotation - 2025.pdf,1,REVIEW_REQUIRED,MULTIPLE_PRICES_OR_CURRENCIES
ZB-12,LiYu (Supplier),ZB-12 staff table (4-seat) 2800*1200*1050H E1 grade melamine fiber board+metal m³ 137 KG,ea,,AUD,LiYu Furniture Quotation - 2025.pdf,3,REVIEW_REQUIRED,MULTIPLE_PRICES_OR_CURRENCIES
ZB-13,LiYu (Supplier),ZB-13 staff table (2-seat) 1200/1350*2120*75 0H E1 grade melamine fiber board+metal m³ 115 KG,ea,,AUD,LiYu Furniture Quotation - 2025.pdf,4,REVIEW_REQUIRED,MULTIPLE_PRICES_OR_CURRENCIES
ZB-14,LiYu (Supplier),ZB-14 staff table (2-seat) 1540*2120*1050H E1 grade melamine fiber board+metal m³ 129 KG,ea,,AUD,LiYu Furniture Quotation - 2025.pdf,4,REVIEW_REQUIRED,MULTIPLE_PRICES_OR_CURRENCIES
S01,Sofas,25-S01 $sofa 3 seats 280*95*75 3350High-density High- resilience Foam 300 116*31*62 100*28*28 0.30 57 2,ea,,AUD,sofas1.pdf,1,REVIEW_REQUIRED,MULTIPLE_PRICES_OR_CURRENCIES
S02,Sofas,25-S02 $sofa 3 seats 280*100*72 3350High-density High- resilience Foam 400 117*34*34 *2 0.27 51 2,ea,,AUD,sofas1.pdf,1,REVIEW_REQUIRED,MULTIPLE_PRICES_OR_CURRENCIES
S07,Sofas,25-S07 $sofa 3 seats 280*100*75 66 Eco-friendly Anti- wrinkle Chenille Fabric+3350High-density High-resilience Foam 300 128*40*40 *2 0.40 54 2,ea,,AUD,sofas1.pdf,1,REVIEW_REQUIRED,MULTIPLE_PRICES_OR_CURRENCIES
S08,Sofas,25-S08 $sofa 3 seats 300*100*72 3350High-density High- resilience Foam 300 116*31*62 100*28*28 0.30 57 2,ea,,AUD,sofas1.pdf,1,REVIEW_REQUIRED,MULTIPLE_PRICES_OR_CURRENCIES
S12,Sofas,25-S12 $sofa 3 seats 280*95*72 3350High-density High- resilience Foam 300 117*34*34 *2 0.27 51 2,ea,,AUD,sofas1.pdf,2,REVIEW_REQUIRED,MULTIPLE_PRICES_OR_CURRENCIES
S14,Sofas,25-S14 $sofa 3 seats 300*100*72 3350High-density High- resilience Foam 400 116*31*62 100*28*28 0.30 57 2,ea,,AUD,sofas1.pdf,2,REVIEW_REQUIRED,MULTIPLE_PRICES_OR_CURRENCIES
S17,Sofas,25-S17 $sofa 1 seat80*100*8 0 75 Eco-friendly Anti- wrinkle Chenille Fabric+3350High-density High-resilience Foam 390 88*28*28 0.07 16.5 1,ea,,AUD,sofas1.pdf,2,REVIEW_REQUIRED,SUSPECT_LOW_PRICE_LT_200
S35,Sofas,25-S35 $sofa 1 seat 80*100*65 68 Eco-friendly Anti- wrinkle Chenille Fabric+3350High-density High-resilience Foam 390 88*30*30 0.08 16 1,ea,,AUD,sofas1.pdf,3,REVIEW_REQUIRED,SUSPECT_LOW_PRICE_LT_200
S38,Sofas,25-S38 $sofa 1 seat85*100*7 2 69 Anti-Wrinkle Corduroy Fabri+3350High-density High-resilience Foam 436 100*31*31 0.10 17 1,ea,,AUD,sofas1.pdf,4,REVIEW_REQUIRED,MULTIPLE_PRICES_OR_CURRENCIES
S40,Sofas,25-S40 $*95*40+42 42 Eco Anti-Wrinkle Flannel+3350High- density High-resilience Foam 420 105*29*29 0.09 16.6 1,ea,,AUD,sofas1.pdf,4,REVIEW_REQUIRED,SUSPECT_LOW_PRICE_LT_200
S41,Sofas,25-S41 $sofa 1 seat 80*100*78 60 Eco-friendly Anti- wrinkle Chenille Fabric+3050High-density High-resilience Foam 330 100*27*27 0.07 16 1,ea,,AUD,sofas1.pdf,4,REVIEW_REQUIRED,SUSPECT_LOW_PRICE_LT_200
S43,Sofas,25-S43 $sofa 3 seats 270*106*60 3350High-density High- resilience Foam 436 115*33*33 *3 0.30 72.5 3,ea,,AUD,sofas1.pdf,4,REVIEW_REQUIRED,MULTIPLE_PRICES_OR_CURRENCIES
S47,Sofas,25-S47 $sofa 3 seats 285*100*60 80 Eco-friendly Anti- wrinkle Chenille Fabric+3350High-density High-resilience Foam 390 90*33*33* 3 0.29 56.6 3,ea,,AUD,sofas1.pdf,5,REVIEW_REQUIRED,MULTIPLE_PRICES_OR_CURRENCIES
